time,fishing_reliance,location,region
2005-01-01T00:00:00Z,1.76,"Albion, CA",NCA
2006-01-01T00:00:00Z,-0.941,"Albion, CA",NCA
2007-01-01T00:00:00Z,2.3111,"Albion, CA",NCA
2008-01-01T00:00:00Z,3.04,"Albion, CA",NCA
2009-01-01T00:00:00Z,0.0,"Albion, CA",NCA
2010-01-01T00:00:00Z,3.58988,"Albion, CA",NCA
2011-01-01T00:00:00Z,2.23726,"Albion, CA",NCA
2012-01-01T00:00:00Z,2.0455,"Albion, CA",NCA
2013-01-01T00:00:00Z,3.42515,"Albion, CA",NCA
2014-01-01T00:00:00Z,1.59521,"Albion, CA",NCA
2015-01-01T00:00:00Z,0.7648,"Albion, CA",NCA
2016-01-01T00:00:00Z,0.33239,"Albion, CA",NCA
2017-01-01T00:00:00Z,0.63903,"Albion, CA",NCA
2005-01-01T00:00:00Z,1.60295,"Astoria, OR",OR
2006-01-01T00:00:00Z,1.12511,"Astoria, OR",OR
2007-01-01T00:00:00Z,1.08922,"Astoria, OR",OR
2008-01-01T00:00:00Z,1.11387,"Astoria, OR",OR
2009-01-01T00:00:00Z,1.11313,"Astoria, OR",OR
2010-01-01T00:00:00Z,1.40092,"Astoria, OR",OR
2011-01-01T00:00:00Z,1.99379,"Astoria, OR",OR
2012-01-01T00:00:00Z,2.14552,"Astoria, OR",OR
2013-01-01T00:00:00Z,2.0158,"Astoria, OR",OR
2014-01-01T00:00:00Z,1.23026,"Astoria, OR",OR
2015-01-01T00:00:00Z,1.31779,"Astoria, OR",OR
2016-01-01T00:00:00Z,1.72154,"Astoria, OR",OR
2017-01-01T00:00:00Z,1.97144,"Astoria, OR",OR
2005-01-01T00:00:00Z,-0.06841,"Avalon, CA",SCA
2006-01-01T00:00:00Z,-0.06651,"Avalon, CA",SCA
2007-01-01T00:00:00Z,-0.05381,"Avalon, CA",SCA
2008-01-01T00:00:00Z,0.05313,"Avalon, CA",SCA
2009-01-01T00:00:00Z,-0.06372,"Avalon, CA",SCA
2010-01-01T00:00:00Z,0.04128,"Avalon, CA",SCA
2011-01-01T00:00:00Z,-0.04274,"Avalon, CA",SCA
2012-01-01T00:00:00Z,-0.03225,"Avalon, CA",SCA
2013-01-01T00:00:00Z,0.04179,"Avalon, CA",SCA
2014-01-01T00:00:00Z,0.02414,"Avalon, CA",SCA
2015-01-01T00:00:00Z,0.03575,"Avalon, CA",SCA
2016-01-01T00:00:00Z,-0.04602,"Avalon, CA",SCA
2017-01-01T00:00:00Z,0.08301,"Avalon, CA",SCA
2018-01-01T00:00:00Z,-0.0319976,"Avalon, CA",SCA
2005-01-01T00:00:00Z,0.71,"Avila Beach, CA",CCA
2006-01-01T00:00:00Z,0.00765,"Avila Beach, CA",CCA
2007-01-01T00:00:00Z,0.0,"Avila Beach, CA",CCA
2008-01-01T00:00:00Z,0.0,"Avila Beach, CA",CCA
2009-01-01T00:00:00Z,0.59017,"Avila Beach, CA",CCA
2010-01-01T00:00:00Z,0.5536,"Avila Beach, CA",CCA
2011-01-01T00:00:00Z,0.84033,"Avila Beach, CA",CCA
2012-01-01T00:00:00Z,0.86297,"Avila Beach, CA",CCA
2013-01-01T00:00:00Z,1.70106,"Avila Beach, CA",CCA
2014-01-01T00:00:00Z,0.82441,"Avila Beach, CA",CCA
2015-01-01T00:00:00Z,1.0653,"Avila Beach, CA",CCA
2016-01-01T00:00:00Z,0.70891,"Avila Beach, CA",CCA
2017-01-01T00:00:00Z,0.83229,"Avila Beach, CA",CCA
2005-01-01T00:00:00Z,8.49393,"Bay Center, WA",WA
2006-01-01T00:00:00Z,9.73099,"Bay Center, WA",WA
2007-01-01T00:00:00Z,7.97713,"Bay Center, WA",WA
2008-01-01T00:00:00Z,8.66945,"Bay Center, WA",WA
2009-01-01T00:00:00Z,6.14348,"Bay Center, WA",WA
2010-01-01T00:00:00Z,4.30445,"Bay Center, WA",WA
2011-01-01T00:00:00Z,5.24795,"Bay Center, WA",WA
2012-01-01T00:00:00Z,2.06612,"Bay Center, WA",WA
2013-01-01T00:00:00Z,3.19761,"Bay Center, WA",WA
2014-01-01T00:00:00Z,1.846,"Bay Center, WA",WA
2015-01-01T00:00:00Z,1.32575,"Bay Center, WA",WA
2016-01-01T00:00:00Z,0.64193,"Bay Center, WA",WA
2017-01-01T00:00:00Z,1.37836,"Bay Center, WA",WA
2005-01-01T00:00:00Z,0.0,"Beaver, OR",OR
2006-01-01T00:00:00Z,5.30742,"Beaver, OR",OR
2007-01-01T00:00:00Z,3.37024,"Beaver, OR",OR
2008-01-01T00:00:00Z,3.49544,"Beaver, OR",OR
2009-01-01T00:00:00Z,0.0,"Beaver, OR",OR
2010-01-01T00:00:00Z,-0.12628,"Beaver, OR",OR
2011-01-01T00:00:00Z,-0.12736,"Beaver, OR",OR
2012-01-01T00:00:00Z,-0.12025,"Beaver, OR",OR
2013-01-01T00:00:00Z,-0.12738,"Beaver, OR",OR
2014-01-01T00:00:00Z,-0.1096,"Beaver, OR",OR
2015-01-01T00:00:00Z,-0.10568,"Beaver, OR",OR
2016-01-01T00:00:00Z,0.0,"Beaver, OR",OR
2017-01-01T00:00:00Z,0.0,"Beaver, OR",OR
2005-01-01T00:00:00Z,6.93656,"Bodega Bay, CA",CCA
2006-01-01T00:00:00Z,6.98058,"Bodega Bay, CA",CCA
2007-01-01T00:00:00Z,6.2982,"Bodega Bay, CA",CCA
2008-01-01T00:00:00Z,4.55175,"Bodega Bay, CA",CCA
2009-01-01T00:00:00Z,4.0948,"Bodega Bay, CA",CCA
2010-01-01T00:00:00Z,6.67664,"Bodega Bay, CA",CCA
2011-01-01T00:00:00Z,6.73989,"Bodega Bay, CA",CCA
2012-01-01T00:00:00Z,7.75388,"Bodega Bay, CA",CCA
2013-01-01T00:00:00Z,10.51827,"Bodega Bay, CA",CCA
2014-01-01T00:00:00Z,9.81198,"Bodega Bay, CA",CCA
2015-01-01T00:00:00Z,6.4687,"Bodega Bay, CA",CCA
2016-01-01T00:00:00Z,8.07807,"Bodega Bay, CA",CCA
2017-01-01T00:00:00Z,9.84011,"Bodega Bay, CA",CCA
2018-01-01T00:00:00Z,2.0739882,"Bodega Bay, CA",CCA
2005-01-01T00:00:00Z,1.25826,"Bolinas, CA",CCA
2006-01-01T00:00:00Z,0.19965,"Bolinas, CA",CCA
2007-01-01T00:00:00Z,0.29197,"Bolinas, CA",CCA
2008-01-01T00:00:00Z,0.43375,"Bolinas, CA",CCA
2009-01-01T00:00:00Z,0.21517,"Bolinas, CA",CCA
2010-01-01T00:00:00Z,0.54012,"Bolinas, CA",CCA
2011-01-01T00:00:00Z,0.41081,"Bolinas, CA",CCA
2012-01-01T00:00:00Z,0.27291,"Bolinas, CA",CCA
2013-01-01T00:00:00Z,0.18676,"Bolinas, CA",CCA
2014-01-01T00:00:00Z,0.43748,"Bolinas, CA",CCA
2015-01-01T00:00:00Z,0.61615,"Bolinas, CA",CCA
2016-01-01T00:00:00Z,0.37775,"Bolinas, CA",CCA
2017-01-01T00:00:00Z,0.156,"Bolinas, CA",CCA
2018-01-01T00:00:00Z,0.09646045,"Bolinas, CA",CCA
2005-01-01T00:00:00Z,7.23988,"Chinook, WA",WA
2006-01-01T00:00:00Z,3.22672,"Chinook, WA",WA
2007-01-01T00:00:00Z,6.27467,"Chinook, WA",WA
2008-01-01T00:00:00Z,7.51817,"Chinook, WA",WA
2009-01-01T00:00:00Z,4.3084,"Chinook, WA",WA
2010-01-01T00:00:00Z,3.50669,"Chinook, WA",WA
2011-01-01T00:00:00Z,6.45678,"Chinook, WA",WA
2012-01-01T00:00:00Z,8.00238,"Chinook, WA",WA
2013-01-01T00:00:00Z,10.87168,"Chinook, WA",WA
2014-01-01T00:00:00Z,5.2293,"Chinook, WA",WA
2015-01-01T00:00:00Z,4.00157,"Chinook, WA",WA
2016-01-01T00:00:00Z,4.80215,"Chinook, WA",WA
2017-01-01T00:00:00Z,5.30944,"Chinook, WA",WA
2005-01-01T00:00:00Z,-0.13757,"Cloverdale, CA",CCA
2006-01-01T00:00:00Z,0.0,"Cloverdale, CA",CCA
2007-01-01T00:00:00Z,0.0,"Cloverdale, CA",CCA
2008-01-01T00:00:00Z,0.0,"Cloverdale, CA",CCA
2009-01-01T00:00:00Z,0.0,"Cloverdale, CA",CCA
2010-01-01T00:00:00Z,0.4872,"Cloverdale, CA",CCA
2011-01-01T00:00:00Z,0.22988,"Cloverdale, CA",CCA
2012-01-01T00:00:00Z,0.56306,"Cloverdale, CA",CCA
2013-01-01T00:00:00Z,2.76518,"Cloverdale, CA",CCA
2014-01-01T00:00:00Z,0.47085,"Cloverdale, CA",CCA
2015-01-01T00:00:00Z,-0.10568,"Cloverdale, CA",CCA
2016-01-01T00:00:00Z,0.34424,"Cloverdale, CA",CCA
2017-01-01T00:00:00Z,0.0,"Cloverdale, CA",CCA
2005-01-01T00:00:00Z,0.0,"Comptche, CA",CCA
2006-01-01T00:00:00Z,0.0,"Comptche, CA",CCA
2007-01-01T00:00:00Z,0.0,"Comptche, CA",CCA
2008-01-01T00:00:00Z,0.0,"Comptche, CA",CCA
2009-01-01T00:00:00Z,0.0,"Comptche, CA",CCA
2010-01-01T00:00:00Z,0.19525,"Comptche, CA",CCA
2011-01-01T00:00:00Z,0.18511,"Comptche, CA",CCA
2012-01-01T00:00:00Z,0.44833,"Comptche, CA",CCA
2013-01-01T00:00:00Z,1.02268,"Comptche, CA",CCA
2014-01-01T00:00:00Z,0.91561,"Comptche, CA",CCA
2015-01-01T00:00:00Z,1.77415,"Comptche, CA",CCA
2016-01-01T00:00:00Z,2.66727,"Comptche, CA",CCA
2017-01-01T00:00:00Z,0.77842,"Comptche, CA",CCA
2005-01-01T00:00:00Z,0.43034,"Crescent City, CA",NCA
2006-01-01T00:00:00Z,0.8467,"Crescent City, CA",NCA
2007-01-01T00:00:00Z,0.61351,"Crescent City, CA",NCA
2008-01-01T00:00:00Z,0.64553,"Crescent City, CA",NCA
2009-01-01T00:00:00Z,0.72102,"Crescent City, CA",NCA
2010-01-01T00:00:00Z,0.70001,"Crescent City, CA",NCA
2011-01-01T00:00:00Z,1.0588,"Crescent City, CA",NCA
2012-01-01T00:00:00Z,0.96835,"Crescent City, CA",NCA
2013-01-01T00:00:00Z,0.99576,"Crescent City, CA",NCA
2014-01-01T00:00:00Z,0.78799,"Crescent City, CA",NCA
2015-01-01T00:00:00Z,0.65944,"Crescent City, CA",NCA
2016-01-01T00:00:00Z,0.81255,"Crescent City, CA",NCA
2017-01-01T00:00:00Z,0.70078,"Crescent City, CA",NCA
2018-01-01T00:00:00Z,0.43766737,"Crescent City, CA",NCA
2005-01-01T00:00:00Z,-0.0846,"Dana Point, CA",SCA
2006-01-01T00:00:00Z,-0.08766,"Dana Point, CA",SCA
2007-01-01T00:00:00Z,-0.08719,"Dana Point, CA",SCA
2008-01-01T00:00:00Z,-0.07494,"Dana Point, CA",SCA
2009-01-01T00:00:00Z,-0.1008,"Dana Point, CA",SCA
2010-01-01T00:00:00Z,-0.06718,"Dana Point, CA",SCA
2011-01-01T00:00:00Z,-0.08223,"Dana Point, CA",SCA
2012-01-01T00:00:00Z,-0.08572,"Dana Point, CA",SCA
2013-01-01T00:00:00Z,-0.07664,"Dana Point, CA",SCA
2014-01-01T00:00:00Z,-0.07777,"Dana Point, CA",SCA
2015-01-01T00:00:00Z,-0.06843,"Dana Point, CA",SCA
2016-01-01T00:00:00Z,-0.06874,"Dana Point, CA",SCA
2017-01-01T00:00:00Z,-0.07478,"Dana Point, CA",SCA
2018-01-01T00:00:00Z,-0.046058428,"Dana Point, CA",SCA
2005-01-01T00:00:00Z,-0.13757,"Del Mar, CA",SCA
2006-01-01T00:00:00Z,0.0,"Del Mar, CA",SCA
2007-01-01T00:00:00Z,0.0,"Del Mar, CA",SCA
2008-01-01T00:00:00Z,0.0,"Del Mar, CA",SCA
2009-01-01T00:00:00Z,-0.16017,"Del Mar, CA",SCA
2010-01-01T00:00:00Z,-0.11399,"Del Mar, CA",SCA
2011-01-01T00:00:00Z,-0.0647,"Del Mar, CA",SCA
2012-01-01T00:00:00Z,-0.12025,"Del Mar, CA",SCA
2013-01-01T00:00:00Z,-0.12738,"Del Mar, CA",SCA
2014-01-01T00:00:00Z,-0.09099,"Del Mar, CA",SCA
2015-01-01T00:00:00Z,-0.07354,"Del Mar, CA",SCA
2016-01-01T00:00:00Z,0.0,"Del Mar, CA",SCA
2017-01-01T00:00:00Z,0.0,"Del Mar, CA",SCA
2005-01-01T00:00:00Z,0.18215,"Dillon Beach, CA",CCA
2006-01-01T00:00:00Z,0.6776,"Dillon Beach, CA",CCA
2007-01-01T00:00:00Z,0.6865,"Dillon Beach, CA",CCA
2008-01-01T00:00:00Z,0.74399,"Dillon Beach, CA",CCA
2009-01-01T00:00:00Z,0.05456,"Dillon Beach, CA",CCA
2010-01-01T00:00:00Z,0.38343,"Dillon Beach, CA",CCA
2011-01-01T00:00:00Z,1.85431,"Dillon Beach, CA",CCA
2012-01-01T00:00:00Z,0.42553,"Dillon Beach, CA",CCA
2013-01-01T00:00:00Z,-0.12738,"Dillon Beach, CA",CCA
2014-01-01T00:00:00Z,0.38739,"Dillon Beach, CA",CCA
2015-01-01T00:00:00Z,0.18858,"Dillon Beach, CA",CCA
2016-01-01T00:00:00Z,0.0,"Dillon Beach, CA",CCA
2017-01-01T00:00:00Z,0.30549,"Dillon Beach, CA",CCA
2005-01-01T00:00:00Z,0.69947,"El Granada, CA",CCA
2006-01-01T00:00:00Z,-0.09651,"El Granada, CA",CCA
2007-01-01T00:00:00Z,0.06428,"El Granada, CA",CCA
2008-01-01T00:00:00Z,0.11911,"El Granada, CA",CCA
2009-01-01T00:00:00Z,0.64413,"El Granada, CA",CCA
2010-01-01T00:00:00Z,0.47147,"El Granada, CA",CCA
2011-01-01T00:00:00Z,0.55895,"El Granada, CA",CCA
2012-01-01T00:00:00Z,0.85364,"El Granada, CA",CCA
2013-01-01T00:00:00Z,0.35634,"El Granada, CA",CCA
2014-01-01T00:00:00Z,0.62348,"El Granada, CA",CCA
2015-01-01T00:00:00Z,0.44514,"El Granada, CA",CCA
2016-01-01T00:00:00Z,0.54928,"El Granada, CA",CCA
2017-01-01T00:00:00Z,-0.02664,"El Granada, CA",CCA
2018-01-01T00:00:00Z,-0.05904379,"El Granada, CA",CCA
2005-01-01T00:00:00Z,0.0149,"Eureka, CA",NCA
2006-01-01T00:00:00Z,0.08043,"Eureka, CA",NCA
2007-01-01T00:00:00Z,0.08765,"Eureka, CA",NCA
2008-01-01T00:00:00Z,0.09493,"Eureka, CA",NCA
2009-01-01T00:00:00Z,0.08707,"Eureka, CA",NCA
2010-01-01T00:00:00Z,0.09024,"Eureka, CA",NCA
2011-01-01T00:00:00Z,0.10694,"Eureka, CA",NCA
2012-01-01T00:00:00Z,0.1623,"Eureka, CA",NCA
2013-01-01T00:00:00Z,0.06512,"Eureka, CA",NCA
2014-01-01T00:00:00Z,0.10067,"Eureka, CA",NCA
2015-01-01T00:00:00Z,0.0761,"Eureka, CA",NCA
2016-01-01T00:00:00Z,0.07399,"Eureka, CA",NCA
2017-01-01T00:00:00Z,0.12735,"Eureka, CA",NCA
2018-01-01T00:00:00Z,0.024727795,"Eureka, CA",NCA
2005-01-01T00:00:00Z,-0.08,"Fields Landing, CA",NCA
2006-01-01T00:00:00Z,-0.099,"Fields Landing, CA",NCA
2007-01-01T00:00:00Z,1.828,"Fields Landing, CA",NCA
2008-01-01T00:00:00Z,2.12,"Fields Landing, CA",NCA
2009-01-01T00:00:00Z,1.4402,"Fields Landing, CA",NCA
2010-01-01T00:00:00Z,1.27407,"Fields Landing, CA",NCA
2011-01-01T00:00:00Z,1.02234,"Fields Landing, CA",NCA
2012-01-01T00:00:00Z,3.46615,"Fields Landing, CA",NCA
2013-01-01T00:00:00Z,10.20702,"Fields Landing, CA",NCA
2014-01-01T00:00:00Z,1.29485,"Fields Landing, CA",NCA
2015-01-01T00:00:00Z,0.27526,"Fields Landing, CA",NCA
2016-01-01T00:00:00Z,0.88058,"Fields Landing, CA",NCA
2017-01-01T00:00:00Z,0.539,"Fields Landing, CA",NCA
2005-01-01T00:00:00Z,0.29562,"Fort Bragg, CA",NCA
2006-01-01T00:00:00Z,0.48115,"Fort Bragg, CA",NCA
2007-01-01T00:00:00Z,0.76363,"Fort Bragg, CA",NCA
2008-01-01T00:00:00Z,0.7474,"Fort Bragg, CA",NCA
2009-01-01T00:00:00Z,0.49397,"Fort Bragg, CA",NCA
2010-01-01T00:00:00Z,0.63778,"Fort Bragg, CA",NCA
2011-01-01T00:00:00Z,0.79034,"Fort Bragg, CA",NCA
2012-01-01T00:00:00Z,0.90007,"Fort Bragg, CA",NCA
2013-01-01T00:00:00Z,0.75832,"Fort Bragg, CA",NCA
2014-01-01T00:00:00Z,1.03267,"Fort Bragg, CA",NCA
2015-01-01T00:00:00Z,1.0949,"Fort Bragg, CA",NCA
2016-01-01T00:00:00Z,0.985,"Fort Bragg, CA",NCA
2017-01-01T00:00:00Z,0.78364,"Fort Bragg, CA",NCA
2018-01-01T00:00:00Z,0.1703295,"Fort Bragg, CA",NCA
2005-01-01T00:00:00Z,2.55261,"Garibaldi, OR",OR
2006-01-01T00:00:00Z,2.01265,"Garibaldi, OR",OR
2007-01-01T00:00:00Z,0.0,"Garibaldi, OR",OR
2008-01-01T00:00:00Z,1.70186,"Garibaldi, OR",OR
2009-01-01T00:00:00Z,2.4371,"Garibaldi, OR",OR
2010-01-01T00:00:00Z,3.69658,"Garibaldi, OR",OR
2011-01-01T00:00:00Z,4.16609,"Garibaldi, OR",OR
2012-01-01T00:00:00Z,2.66998,"Garibaldi, OR",OR
2013-01-01T00:00:00Z,3.22876,"Garibaldi, OR",OR
2014-01-01T00:00:00Z,4.24261,"Garibaldi, OR",OR
2015-01-01T00:00:00Z,2.11676,"Garibaldi, OR",OR
2015-01-01T00:00:00Z,2.11676,"Garibaldi, OR",OR
2017-01-01T00:00:00Z,1.82683,"Garibaldi, OR",OR
2005-01-01T00:00:00Z,3.41021,"Ilwaco, WA",WA
2006-01-01T00:00:00Z,4.5907,"Ilwaco, WA",WA
2007-01-01T00:00:00Z,3.40496,"Ilwaco, WA",WA
2008-01-01T00:00:00Z,3.50426,"Ilwaco, WA",WA
2009-01-01T00:00:00Z,3.99387,"Ilwaco, WA",WA
2010-01-01T00:00:00Z,4.54193,"Ilwaco, WA",WA
2011-01-01T00:00:00Z,7.69529,"Ilwaco, WA",WA
2012-01-01T00:00:00Z,6.56864,"Ilwaco, WA",WA
2013-01-01T00:00:00Z,6.55385,"Ilwaco, WA",WA
2014-01-01T00:00:00Z,4.8285,"Ilwaco, WA",WA
2015-01-01T00:00:00Z,4.17956,"Ilwaco, WA",WA
2016-01-01T00:00:00Z,3.89666,"Ilwaco, WA",WA
2017-01-01T00:00:00Z,5.8329,"Ilwaco, WA",WA
2005-01-01T00:00:00Z,1.42628,"La Conner, WA",WA
2006-01-01T00:00:00Z,1.84794,"La Conner, WA",WA
2007-01-01T00:00:00Z,1.55703,"La Conner, WA",WA
2008-01-01T00:00:00Z,1.42707,"La Conner, WA",WA
2009-01-01T00:00:00Z,2.18392,"La Conner, WA",WA
2010-01-01T00:00:00Z,2.79919,"La Conner, WA",WA
2011-01-01T00:00:00Z,0.83047,"La Conner, WA",WA
2012-01-01T00:00:00Z,0.37918,"La Conner, WA",WA
2013-01-01T00:00:00Z,0.74928,"La Conner, WA",WA
2014-01-01T00:00:00Z,0.53066,"La Conner, WA",WA
2015-01-01T00:00:00Z,0.84227,"La Conner, WA",WA
2016-01-01T00:00:00Z,2.19319,"La Conner, WA",WA
2017-01-01T00:00:00Z,1.50342,"La Conner, WA",WA
2005-01-01T00:00:00Z,3.08627,"La Push, WA",WA
2006-01-01T00:00:00Z,2.4137,"La Push, WA",WA
2007-01-01T00:00:00Z,3.43663,"La Push, WA",WA
2008-01-01T00:00:00Z,1.34869,"La Push, WA",WA
2009-01-01T00:00:00Z,0.9613,"La Push, WA",WA
2010-01-01T00:00:00Z,1.93226,"La Push, WA",WA
2011-01-01T00:00:00Z,1.27499,"La Push, WA",WA
2012-01-01T00:00:00Z,12.07938,"La Push, WA",WA
2013-01-01T00:00:00Z,14.45111,"La Push, WA",WA
2014-01-01T00:00:00Z,0.95281,"La Push, WA",WA
2015-01-01T00:00:00Z,1.12691,"La Push, WA",WA
2016-01-01T00:00:00Z,1.12691,"La Push, WA",WA
2017-01-01T00:00:00Z,2.26817,"La Push, WA",WA
2005-01-01T00:00:00Z,0.0,"Lake Forest, CA",SCA
2006-01-01T00:00:00Z,0.0,"Lake Forest, CA",SCA
2007-01-01T00:00:00Z,0.0,"Lake Forest, CA",SCA
2008-01-01T00:00:00Z,0.0,"Lake Forest, CA",SCA
2009-01-01T00:00:00Z,0.0,"Lake Forest, CA",SCA
2010-01-01T00:00:00Z,-0.12628,"Lake Forest, CA",SCA
2011-01-01T00:00:00Z,-0.12143,"Lake Forest, CA",SCA
2012-01-01T00:00:00Z,-0.11135,"Lake Forest, CA",SCA
2013-01-01T00:00:00Z,-0.1164,"Lake Forest, CA",SCA
2014-01-01T00:00:00Z,-0.1006,"Lake Forest, CA",SCA
2015-01-01T00:00:00Z,-0.09023,"Lake Forest, CA",SCA
2016-01-01T00:00:00Z,-0.06001,"Lake Forest, CA",SCA
2017-01-01T00:00:00Z,-0.04765,"Lake Forest, CA",SCA
2005-01-01T00:00:00Z,0.0,"Langlois, OR",OR
2006-01-01T00:00:00Z,0.0,"Langlois, OR",OR
2007-01-01T00:00:00Z,0.0,"Langlois, OR",OR
2008-01-01T00:00:00Z,0.0,"Langlois, OR",OR
2009-01-01T00:00:00Z,0.0,"Langlois, OR",OR
2010-01-01T00:00:00Z,0.16255,"Langlois, OR",OR
2011-01-01T00:00:00Z,-0.12736,"Langlois, OR",OR
2012-01-01T00:00:00Z,-0.12025,"Langlois, OR",OR
2013-01-01T00:00:00Z,-0.12738,"Langlois, OR",OR
2014-01-01T00:00:00Z,-0.1096,"Langlois, OR",OR
2015-01-01T00:00:00Z,0.7414,"Langlois, OR",OR
2016-01-01T00:00:00Z,3.24127,"Langlois, OR",OR
2017-01-01T00:00:00Z,0.95235,"Langlois, OR",OR
2005-01-01T00:00:00Z,0.0,"Little River, CA",NCA
2006-01-01T00:00:00Z,0.0,"Little River, CA",NCA
2007-01-01T00:00:00Z,0.0,"Little River, CA",NCA
2008-01-01T00:00:00Z,0.0,"Little River, CA",NCA
2009-01-01T00:00:00Z,0.0,"Little River, CA",NCA
2010-01-01T00:00:00Z,0.72478,"Little River, CA",NCA
2011-01-01T00:00:00Z,-0.12736,"Little River, CA",NCA
2012-01-01T00:00:00Z,-0.12025,"Little River, CA",NCA
2013-01-01T00:00:00Z,-0.12738,"Little River, CA",NCA
2014-01-01T00:00:00Z,-0.1096,"Little River, CA",NCA
2015-01-01T00:00:00Z,0.32234,"Little River, CA",NCA
2016-01-01T00:00:00Z,0.0,"Little River, CA",NCA
2017-01-01T00:00:00Z,0.65922,"Little River, CA",NCA
2005-01-01T00:00:00Z,-0.09807,"Marina del Rey, CA",SCA
2006-01-01T00:00:00Z,-0.03388,"Marina del Rey, CA",SCA
2007-01-01T00:00:00Z,-0.03499,"Marina del Rey, CA",SCA
2008-01-01T00:00:00Z,-0.06685,"Marina del Rey, CA",SCA
2009-01-01T00:00:00Z,-0.10605,"Marina del Rey, CA",SCA
2010-01-01T00:00:00Z,-0.05278,"Marina del Rey, CA",SCA
2011-01-01T00:00:00Z,-0.07324,"Marina del Rey, CA",SCA
2012-01-01T00:00:00Z,-0.06365,"Marina del Rey, CA",SCA
2013-01-01T00:00:00Z,-0.12054,"Marina del Rey, CA",SCA
2014-01-01T00:00:00Z,-0.04906,"Marina del Rey, CA",SCA
2015-01-01T00:00:00Z,-0.05011,"Marina del Rey, CA",SCA
2016-01-01T00:00:00Z,-0.06462,"Marina del Rey, CA",SCA
2017-01-01T00:00:00Z,-0.07154,"Marina del Rey, CA",SCA
2018-01-01T00:00:00Z,-0.041830987,"Marina del Rey, CA",SCA
2005-01-01T00:00:00Z,20.94878,"Moss Landing, CA",CCA
2006-01-01T00:00:00Z,18.17968,"Moss Landing, CA",CCA
2007-01-01T00:00:00Z,22.3831,"Moss Landing, CA",CCA
2008-01-01T00:00:00Z,22.58779,"Moss Landing, CA",CCA
2009-01-01T00:00:00Z,23.61627,"Moss Landing, CA",CCA
2010-01-01T00:00:00Z,25.47512,"Moss Landing, CA",CCA
2011-01-01T00:00:00Z,20.86736,"Moss Landing, CA",CCA
2012-01-01T00:00:00Z,21.17437,"Moss Landing, CA",CCA
2013-01-01T00:00:00Z,14.80788,"Moss Landing, CA",CCA
2014-01-01T00:00:00Z,27.7347,"Moss Landing, CA",CCA
2015-01-01T00:00:00Z,29.2447,"Moss Landing, CA",CCA
2016-01-01T00:00:00Z,29.54986,"Moss Landing, CA",CCA
2017-01-01T00:00:00Z,25.90558,"Moss Landing, CA",CCA
2018-01-01T00:00:00Z,33.18725,"Moss Landing, CA",CCA
2005-01-01T00:00:00Z,5.08079,"Neah Bay, WA",WA
2006-01-01T00:00:00Z,4.91857,"Neah Bay, WA",WA
2007-01-01T00:00:00Z,4.21447,"Neah Bay, WA",WA
2008-01-01T00:00:00Z,4.58745,"Neah Bay, WA",WA
2009-01-01T00:00:00Z,4.45216,"Neah Bay, WA",WA
2010-01-01T00:00:00Z,5.15208,"Neah Bay, WA",WA
2011-01-01T00:00:00Z,1.7736,"Neah Bay, WA",WA
2012-01-01T00:00:00Z,1.03256,"Neah Bay, WA",WA
2013-01-01T00:00:00Z,1.19335,"Neah Bay, WA",WA
2014-01-01T00:00:00Z,0.74535,"Neah Bay, WA",WA
2015-01-01T00:00:00Z,0.95743,"Neah Bay, WA",WA
2016-01-01T00:00:00Z,2.1579,"Neah Bay, WA",WA
2017-01-01T00:00:00Z,2.27498,"Neah Bay, WA",WA
2005-01-01T00:00:00Z,1.2574,"Newport, OR",OR
2006-01-01T00:00:00Z,1.29713,"Newport, OR",OR
2007-01-01T00:00:00Z,1.51799,"Newport, OR",OR
2008-01-01T00:00:00Z,1.43215,"Newport, OR",OR
2009-01-01T00:00:00Z,1.53264,"Newport, OR",OR
2010-01-01T00:00:00Z,1.47222,"Newport, OR",OR
2011-01-01T00:00:00Z,2.601,"Newport, OR",OR
2012-01-01T00:00:00Z,1.72974,"Newport, OR",OR
2013-01-01T00:00:00Z,2.00683,"Newport, OR",OR
2014-01-01T00:00:00Z,1.92672,"Newport, OR",OR
2015-01-01T00:00:00Z,1.65553,"Newport, OR",OR
2016-01-01T00:00:00Z,2.07486,"Newport, OR",OR
2017-01-01T00:00:00Z,2.52348,"Newport, OR",OR
2005-01-01T00:00:00Z,2.4932,"Point Arena, CA",CCA
2006-01-01T00:00:00Z,2.37129,"Point Arena, CA",CCA
2007-01-01T00:00:00Z,1.58041,"Point Arena, CA",CCA
2008-01-01T00:00:00Z,1.44047,"Point Arena, CA",CCA
2009-01-01T00:00:00Z,1.07926,"Point Arena, CA",CCA
2010-01-01T00:00:00Z,1.0137,"Point Arena, CA",CCA
2011-01-01T00:00:00Z,0.99019,"Point Arena, CA",CCA
2012-01-01T00:00:00Z,1.25185,"Point Arena, CA",CCA
2013-01-01T00:00:00Z,1.42176,"Point Arena, CA",CCA
2014-01-01T00:00:00Z,1.70146,"Point Arena, CA",CCA
2015-01-01T00:00:00Z,2.08647,"Point Arena, CA",CCA
2016-01-01T00:00:00Z,1.10983,"Point Arena, CA",CCA
2017-01-01T00:00:00Z,1.03743,"Point Arena, CA",CCA
2018-01-01T00:00:00Z,0.7232021,"Point Arena, CA",CCA
2005-01-01T00:00:00Z,0.05198,"Port Hueneme, CA",SCA
2006-01-01T00:00:00Z,-0.04631,"Port Hueneme, CA",SCA
2007-01-01T00:00:00Z,0.02945,"Port Hueneme, CA",SCA
2008-01-01T00:00:00Z,-0.01772,"Port Hueneme, CA",SCA
2009-01-01T00:00:00Z,0.11912,"Port Hueneme, CA",SCA
2010-01-01T00:00:00Z,0.17682,"Port Hueneme, CA",SCA
2011-01-01T00:00:00Z,0.17573,"Port Hueneme, CA",SCA
2012-01-01T00:00:00Z,0.11213,"Port Hueneme, CA",SCA
2013-01-01T00:00:00Z,0.0501,"Port Hueneme, CA",SCA
2014-01-01T00:00:00Z,0.02095,"Port Hueneme, CA",SCA
2015-01-01T00:00:00Z,5.0E-4,"Port Hueneme, CA",SCA
2016-01-01T00:00:00Z,0.04176,"Port Hueneme, CA",SCA
2017-01-01T00:00:00Z,0.15047,"Port Hueneme, CA",SCA
2018-01-01T00:00:00Z,-0.008922896,"Port Hueneme, CA",SCA
2005-01-01T00:00:00Z,1.98225,"Port Orford, OR",OR
2006-01-01T00:00:00Z,2.6226,"Port Orford, OR",OR
2007-01-01T00:00:00Z,2.67398,"Port Orford, OR",OR
2008-01-01T00:00:00Z,3.18002,"Port Orford, OR",OR
2009-01-01T00:00:00Z,1.95734,"Port Orford, OR",OR
2010-01-01T00:00:00Z,2.77199,"Port Orford, OR",OR
2011-01-01T00:00:00Z,5.54776,"Port Orford, OR",OR
2012-01-01T00:00:00Z,2.16876,"Port Orford, OR",OR
2013-01-01T00:00:00Z,2.11454,"Port Orford, OR",OR
2014-01-01T00:00:00Z,2.35003,"Port Orford, OR",OR
2015-01-01T00:00:00Z,2.63321,"Port Orford, OR",OR
2016-01-01T00:00:00Z,3.1493,"Port Orford, OR",OR
2017-01-01T00:00:00Z,2.09668,"Port Orford, OR",OR
2005-01-01T00:00:00Z,0.0,"Redcrest, CA",NCA
2006-01-01T00:00:00Z,0.0,"Redcrest, CA",NCA
2007-01-01T00:00:00Z,0.0,"Redcrest, CA",NCA
2008-01-01T00:00:00Z,0.0,"Redcrest, CA",NCA
2009-01-01T00:00:00Z,0.0,"Redcrest, CA",NCA
2010-01-01T00:00:00Z,0.44814,"Redcrest, CA",NCA
2011-01-01T00:00:00Z,0.65676,"Redcrest, CA",NCA
2012-01-01T00:00:00Z,-0.12025,"Redcrest, CA",NCA
2013-01-01T00:00:00Z,-0.12738,"Redcrest, CA",NCA
2014-01-01T00:00:00Z,1.4085,"Redcrest, CA",NCA
2015-01-01T00:00:00Z,2.63887,"Redcrest, CA",NCA
2016-01-01T00:00:00Z,2.63887,"Redcrest, CA",NCA
2017-01-01T00:00:00Z,0.0,"Redcrest, CA",NCA
2005-01-01T00:00:00Z,-0.11255,"San Buenaventura (Ventura), CA",SCA
2006-01-01T00:00:00Z,-0.10715,"San Buenaventura (Ventura), CA",SCA
2007-01-01T00:00:00Z,-0.07782,"San Buenaventura (Ventura), CA",SCA
2008-01-01T00:00:00Z,-0.07731,"San Buenaventura (Ventura), CA",SCA
2009-01-01T00:00:00Z,-0.07554,"San Buenaventura (Ventura), CA",SCA
2010-01-01T00:00:00Z,-0.03315,"San Buenaventura (Ventura), CA",SCA
2011-01-01T00:00:00Z,-0.03877,"San Buenaventura (Ventura), CA",SCA
2012-01-01T00:00:00Z,-0.06313,"San Buenaventura (Ventura), CA",SCA
2013-01-01T00:00:00Z,-0.06053,"San Buenaventura (Ventura), CA",SCA
2014-01-01T00:00:00Z,-0.0555,"San Buenaventura (Ventura), CA",SCA
2015-01-01T00:00:00Z,-0.05631,"San Buenaventura (Ventura), CA",SCA
2016-01-01T00:00:00Z,-0.04973,"San Buenaventura (Ventura), CA",SCA
2017-01-01T00:00:00Z,-0.00882,"San Buenaventura (Ventura), CA",SCA
2018-01-01T00:00:00Z,-0.04050363,"San Buenaventura (Ventura), CA",SCA
2005-01-01T00:00:00Z,-0.1034,"Santa Barbara, CA",SCA
2006-01-01T00:00:00Z,-0.09157,"Santa Barbara, CA",SCA
2007-01-01T00:00:00Z,-0.07917,"Santa Barbara, CA",SCA
2008-01-01T00:00:00Z,-0.05806,"Santa Barbara, CA",SCA
2009-01-01T00:00:00Z,-0.09699,"Santa Barbara, CA",SCA
2010-01-01T00:00:00Z,-0.05946,"Santa Barbara, CA",SCA
2011-01-01T00:00:00Z,-0.04166,"Santa Barbara, CA",SCA
2012-01-01T00:00:00Z,-0.06035,"Santa Barbara, CA",SCA
2013-01-01T00:00:00Z,-0.08598,"Santa Barbara, CA",SCA
2014-01-01T00:00:00Z,-0.04847,"Santa Barbara, CA",SCA
2015-01-01T00:00:00Z,-0.02585,"Santa Barbara, CA",SCA
2016-01-01T00:00:00Z,-0.03739,"Santa Barbara, CA",SCA
2017-01-01T00:00:00Z,-0.03827,"Santa Barbara, CA",SCA
2018-01-01T00:00:00Z,-0.03291631,"Santa Barbara, CA",SCA
2005-01-01T00:00:00Z,0.30181,"Shelter Cove, CA",SCA
2006-01-01T00:00:00Z,-0.126,"Shelter Cove, CA",SCA
2007-01-01T00:00:00Z,1.647,"Shelter Cove, CA",SCA
2008-01-01T00:00:00Z,0.762,"Shelter Cove, CA",SCA
2009-01-01T00:00:00Z,0.29079,"Shelter Cove, CA",SCA
2010-01-01T00:00:00Z,0.84401,"Shelter Cove, CA",SCA
2011-01-01T00:00:00Z,1.7251,"Shelter Cove, CA",SCA
2012-01-01T00:00:00Z,1.25286,"Shelter Cove, CA",SCA
2013-01-01T00:00:00Z,0.88304,"Shelter Cove, CA",SCA
2014-01-01T00:00:00Z,0.90308,"Shelter Cove, CA",SCA
2015-01-01T00:00:00Z,1.34879,"Shelter Cove, CA",SCA
2016-01-01T00:00:00Z,1.0421,"Shelter Cove, CA",SCA
2017-01-01T00:00:00Z,0.86851,"Shelter Cove, CA",SCA
2018-01-01T00:00:00Z,0.43035528,"Shelter Cove, CA",SCA
2005-01-01T00:00:00Z,0.02771,"Summerland, CA",SCA
2006-01-01T00:00:00Z,-0.07571,"Summerland, CA",SCA
2007-01-01T00:00:00Z,-0.04191,"Summerland, CA",SCA
2008-01-01T00:00:00Z,-0.03668,"Summerland, CA",SCA
2009-01-01T00:00:00Z,-0.16017,"Summerland, CA",SCA
2010-01-01T00:00:00Z,-0.04634,"Summerland, CA",SCA
2011-01-01T00:00:00Z,-0.12736,"Summerland, CA",SCA
2012-01-01T00:00:00Z,-0.12025,"Summerland, CA",SCA
2013-01-01T00:00:00Z,-0.12738,"Summerland, CA",SCA
2014-01-01T00:00:00Z,-0.05948,"Summerland, CA",SCA
2015-01-01T00:00:00Z,-0.10568,"Summerland, CA",SCA
2016-01-01T00:00:00Z,0.0,"Summerland, CA",SCA
2017-01-01T00:00:00Z,0.0,"Summerland, CA",SCA
2005-01-01T00:00:00Z,1.75645,"Taholah, WA",WA
2006-01-01T00:00:00Z,1.28772,"Taholah, WA",WA
2007-01-01T00:00:00Z,2.12699,"Taholah, WA",WA
2008-01-01T00:00:00Z,1.70782,"Taholah, WA",WA
2009-01-01T00:00:00Z,1.64764,"Taholah, WA",WA
2010-01-01T00:00:00Z,2.30101,"Taholah, WA",WA
2011-01-01T00:00:00Z,-0.12736,"Taholah, WA",WA
2012-01-01T00:00:00Z,-0.0249,"Taholah, WA",WA
2013-01-01T00:00:00Z,-0.01677,"Taholah, WA",WA
2014-01-01T00:00:00Z,-0.18455,"Taholah, WA",WA
2015-01-01T00:00:00Z,-0.10568,"Taholah, WA",WA
2016-01-01T00:00:00Z,2.27055,"Taholah, WA",WA
2017-01-01T00:00:00Z,2.28837,"Taholah, WA",WA
2005-01-01T00:00:00Z,-0.13757,"Tillamook, OR",OR
2006-01-01T00:00:00Z,7.01578,"Tillamook, OR",OR
2007-01-01T00:00:00Z,0.69191,"Tillamook, OR",OR
2008-01-01T00:00:00Z,0.20072,"Tillamook, OR",OR
2009-01-01T00:00:00Z,0.31238,"Tillamook, OR",OR
2010-01-01T00:00:00Z,0.56925,"Tillamook, OR",OR
2011-01-01T00:00:00Z,-0.06841,"Tillamook, OR",OR
2012-01-01T00:00:00Z,0.37375,"Tillamook, OR",OR
2013-01-01T00:00:00Z,0.46818,"Tillamook, OR",OR
2014-01-01T00:00:00Z,-0.1096,"Tillamook, OR",OR
2015-01-01T00:00:00Z,0.13414,"Tillamook, OR",OR
2016-01-01T00:00:00Z,0.09334,"Tillamook, OR",OR
2017-01-01T00:00:00Z,0.21719,"Tillamook, OR",OR
2005-01-01T00:00:00Z,8.89091,"Tokeland, WA",WA
2006-01-01T00:00:00Z,9.85071,"Tokeland, WA",WA
2007-01-01T00:00:00Z,8.4343,"Tokeland, WA",WA
2008-01-01T00:00:00Z,6.79328,"Tokeland, WA",WA
2009-01-01T00:00:00Z,7.37832,"Tokeland, WA",WA
2010-01-01T00:00:00Z,8.05955,"Tokeland, WA",WA
2011-01-01T00:00:00Z,8.54143,"Tokeland, WA",WA
2012-01-01T00:00:00Z,5.90591,"Tokeland, WA",WA
2013-01-01T00:00:00Z,4.02723,"Tokeland, WA",WA
2014-01-01T00:00:00Z,5.82161,"Tokeland, WA",WA
2015-01-01T00:00:00Z,2.59811,"Tokeland, WA",WA
2016-01-01T00:00:00Z,1.15352,"Tokeland, WA",WA
2017-01-01T00:00:00Z,2.39159,"Tokeland, WA",WA
2005-01-01T00:00:00Z,0.47026,"Tomales, CA",CCA
2006-01-01T00:00:00Z,0.66503,"Tomales, CA",CCA
2007-01-01T00:00:00Z,0.52702,"Tomales, CA",CCA
2008-01-01T00:00:00Z,0.12356,"Tomales, CA",CCA
2009-01-01T00:00:00Z,0.05417,"Tomales, CA",CCA
2010-01-01T00:00:00Z,0.12354,"Tomales, CA",CCA
2011-01-01T00:00:00Z,0.18882,"Tomales, CA",CCA
2012-01-01T00:00:00Z,0.57779,"Tomales, CA",CCA
2013-01-01T00:00:00Z,0.47513,"Tomales, CA",CCA
2014-01-01T00:00:00Z,0.41988,"Tomales, CA",CCA
2015-01-01T00:00:00Z,0.68008,"Tomales, CA",CCA
2016-01-01T00:00:00Z,0.79532,"Tomales, CA",CCA
2017-01-01T00:00:00Z,0.38803,"Tomales, CA",CCA
2018-01-01T00:00:00Z,0.14116287,"Tomales, CA",CCA
2005-01-01T00:00:00Z,2.36565,"Trinidad, CA",NCA
2006-01-01T00:00:00Z,6.63173,"Trinidad, CA",NCA
2007-01-01T00:00:00Z,5.19538,"Trinidad, CA",NCA
2008-01-01T00:00:00Z,6.19117,"Trinidad, CA",NCA
2009-01-01T00:00:00Z,5.92382,"Trinidad, CA",NCA
2010-01-01T00:00:00Z,5.34743,"Trinidad, CA",NCA
2011-01-01T00:00:00Z,3.19769,"Trinidad, CA",NCA
2012-01-01T00:00:00Z,3.67333,"Trinidad, CA",NCA
2013-01-01T00:00:00Z,5.54652,"Trinidad, CA",NCA
2014-01-01T00:00:00Z,4.67578,"Trinidad, CA",NCA
2015-01-01T00:00:00Z,2.66302,"Trinidad, CA",NCA
2016-01-01T00:00:00Z,3.41896,"Trinidad, CA",NCA
2017-01-01T00:00:00Z,4.75737,"Trinidad, CA",NCA
2017-01-01T00:00:00Z,1.9726745,"Trinidad, CA",NCA
2005-01-01T00:00:00Z,7.12226,"Westport, WA",WA
2006-01-01T00:00:00Z,4.68522,"Westport, WA",WA
2007-01-01T00:00:00Z,4.92961,"Westport, WA",WA
2008-01-01T00:00:00Z,5.94652,"Westport, WA",WA
2009-01-01T00:00:00Z,4.93834,"Westport, WA",WA
2010-01-01T00:00:00Z,6.78451,"Westport, WA",WA
2011-01-01T00:00:00Z,13.18545,"Westport, WA",WA
2012-01-01T00:00:00Z,11.52065,"Westport, WA",WA
2013-01-01T00:00:00Z,11.39024,"Westport, WA",WA
2014-01-01T00:00:00Z,8.35679,"Westport, WA",WA
2015-01-01T00:00:00Z,9.22397,"Westport, WA",WA
2016-01-01T00:00:00Z,8.29831,"Westport, WA",WA
2017-01-01T00:00:00Z,14.31136,"Westport, WA",WA
2005-01-01T00:00:00Z,5.41541,"Winchester Bay, OR",OR
2006-01-01T00:00:00Z,7.75445,"Winchester Bay, OR",OR
2007-01-01T00:00:00Z,6.29262,"Winchester Bay, OR",OR
2008-01-01T00:00:00Z,5.84248,"Winchester Bay, OR",OR
2009-01-01T00:00:00Z,10.06666,"Winchester Bay, OR",OR
2010-01-01T00:00:00Z,7.94226,"Winchester Bay, OR",OR
2011-01-01T00:00:00Z,10.21176,"Winchester Bay, OR",OR
2012-01-01T00:00:00Z,6.23063,"Winchester Bay, OR",OR
2013-01-01T00:00:00Z,3.40549,"Winchester Bay, OR",OR
2014-01-01T00:00:00Z,5.22129,"Winchester Bay, OR",OR
2015-01-01T00:00:00Z,6.35692,"Winchester Bay, OR",OR
2016-01-01T00:00:00Z,3.31018,"Winchester Bay, OR",OR
2017-01-01T00:00:00Z,6.60421,"Winchester Bay, OR",OR
2005-01-01T00:00:00Z,3.35204,"Yachats, OR",OR
2006-01-01T00:00:00Z,0.0,"Yachats, OR",OR
2007-01-01T00:00:00Z,0.0,"Yachats, OR",OR
2008-01-01T00:00:00Z,0.0,"Yachats, OR",OR
2009-01-01T00:00:00Z,-0.0921,"Yachats, OR",OR
2010-01-01T00:00:00Z,2.74098,"Yachats, OR",OR
2011-01-01T00:00:00Z,0.24526,"Yachats, OR",OR
2012-01-01T00:00:00Z,-0.12025,"Yachats, OR",OR
2013-01-01T00:00:00Z,-0.12738,"Yachats, OR",OR
2014-01-01T00:00:00Z,-0.00335,"Yachats, OR",OR
2015-01-01T00:00:00Z,-0.10568,"Yachats, OR",OR
2016-01-01T00:00:00Z,0.0,"Yachats, OR",OR
2017-01-01T00:00:00Z,0.0,"Yachats, OR",OR
