time,metric,timeseries,data,error,SEup,SElo
1990-01-01T00:00:00Z,Abundance (log(CPUE+1)),All Taxa,9.95097,10.420666,20.371635,-0.4696958
1991-01-01T00:00:00Z,Abundance (log(CPUE+1)),All Taxa,11.115632,11.923528,23.03916,-0.8078954
1992-01-01T00:00:00Z,Abundance (log(CPUE+1)),All Taxa,10.298515,11.252072,21.550589,-0.9535569
1993-01-01T00:00:00Z,Abundance (log(CPUE+1)),All Taxa,11.012492,11.645685,22.658178,-0.63319284
1994-01-01T00:00:00Z,Abundance (log(CPUE+1)),All Taxa,11.238591,12.045231,23.283821,-0.80664015
1995-01-01T00:00:00Z,Abundance (log(CPUE+1)),All Taxa,10.431716,10.862231,21.293947,-0.4305146
1996-01-01T00:00:00Z,Abundance (log(CPUE+1)),All Taxa,9.672373,10.539008,20.211382,-0.8666349
1997-01-01T00:00:00Z,Abundance (log(CPUE+1)),All Taxa,10.271098,11.006706,21.277805,-0.73560834
1998-01-01T00:00:00Z,Abundance (log(CPUE+1)),All Taxa,8.113382,9.048629,17.162012,-0.9352463
1999-01-01T00:00:00Z,Abundance (log(CPUE+1)),All Taxa,9.516168,10.105868,19.622036,-0.5897009
2000-01-01T00:00:00Z,Abundance (log(CPUE+1)),All Taxa,11.037669,11.8316345,22.869303,-0.79396546
2001-01-01T00:00:00Z,Abundance (log(CPUE+1)),All Taxa,11.428197,12.088026,23.516224,-0.6598293
2002-01-01T00:00:00Z,Abundance (log(CPUE+1)),All Taxa,9.278656,10.216031,19.494688,-0.937375
2003-01-01T00:00:00Z,Abundance (log(CPUE+1)),All Taxa,10.2483225,10.788956,21.037277,-0.5406326
2004-01-01T00:00:00Z,Abundance (log(CPUE+1)),All Taxa,9.924107,10.434349,20.358456,-0.51024234
2005-01-01T00:00:00Z,Abundance (log(CPUE+1)),All Taxa,9.806819,10.487857,20.294676,-0.6810376
2006-01-01T00:00:00Z,Abundance (log(CPUE+1)),All Taxa,10.446532,11.27138,21.717913,-0.8248485
2007-01-01T00:00:00Z,Abundance (log(CPUE+1)),All Taxa,11.470984,12.283273,23.754257,-0.8122886
2008-01-01T00:00:00Z,Abundance (log(CPUE+1)),All Taxa,12.041131,12.902772,24.943903,-0.8616404
2009-01-01T00:00:00Z,Abundance (log(CPUE+1)),All Taxa,11.309411,11.883308,23.19272,-0.5738974
2010-01-01T00:00:00Z,Abundance (log(CPUE+1)),All Taxa,10.552831,10.875768,21.428598,-0.32293725
2011-01-01T00:00:00Z,Abundance (log(CPUE+1)),All Taxa,10.962481,11.940124,22.902605,-0.97764295
2012-01-01T00:00:00Z,Abundance (log(CPUE+1)),All Taxa,11.722364,12.386473,24.108837,-0.6641081
2013-01-01T00:00:00Z,Abundance (log(CPUE+1)),All Taxa,11.954878,12.703238,24.658115,-0.7483598
2014-01-01T00:00:00Z,Abundance (log(CPUE+1)),All Taxa,11.859883,12.429475,24.289358,-0.56959176
2015-01-01T00:00:00Z,Abundance (log(CPUE+1)),All Taxa,10.817299,11.654201,22.4715,-0.8369016
2016-01-01T00:00:00Z,Abundance (log(CPUE+1)),All Taxa,10.539058,10.832159,21.371218,-0.29310182
2017-01-01T00:00:00Z,Abundance (log(CPUE+1)),All Taxa,12.239802,13.345929,25.585732,-1.1061276
2018-01-01T00:00:00Z,Abundance (log(CPUE+1)),All Taxa,11.467086,11.71961,23.186695,-0.25252458
1990-01-01T00:00:00Z,Abundance (log(CPUE+1)),Young of the Year Rockfish/Groundfish,5.504645,7.3445163,12.849161,-1.8398712
1991-01-01T00:00:00Z,Abundance (log(CPUE+1)),Young of the Year Rockfish/Groundfish,5.06379,5.7245193,10.788309,-0.6607294
1992-01-01T00:00:00Z,Abundance (log(CPUE+1)),Young of the Year Rockfish/Groundfish,4.7166624,6.1090946,10.825757,-1.3924322
1993-01-01T00:00:00Z,Abundance (log(CPUE+1)),Young of the Year Rockfish/Groundfish,7.6146297,8.719755,16.334385,-1.1051257
1994-01-01T00:00:00Z,Abundance (log(CPUE+1)),Young of the Year Rockfish/Groundfish,5.122822,6.1327686,11.25559,-1.0099468
1995-01-01T00:00:00Z,Abundance (log(CPUE+1)),Young of the Year Rockfish/Groundfish,3.2462747,3.4632897,6.7095647,-0.21701494
1996-01-01T00:00:00Z,Abundance (log(CPUE+1)),Young of the Year Rockfish/Groundfish,5.0157366,5.389019,10.404756,-0.37328252
1997-01-01T00:00:00Z,Abundance (log(CPUE+1)),Young of the Year Rockfish/Groundfish,4.8135576,6.028674,10.842232,-1.2151164
1998-01-01T00:00:00Z,Abundance (log(CPUE+1)),Young of the Year Rockfish/Groundfish,2.6256342,3.6491718,6.274806,-1.0235376
1999-01-01T00:00:00Z,Abundance (log(CPUE+1)),Young of the Year Rockfish/Groundfish,4.8196273,5.575268,10.394896,-0.75564057
2000-01-01T00:00:00Z,Abundance (log(CPUE+1)),Young of the Year Rockfish/Groundfish,4.8131633,5.426406,10.23957,-0.6132427
2001-01-01T00:00:00Z,Abundance (log(CPUE+1)),Young of the Year Rockfish/Groundfish,5.36423,6.082885,11.447115,-0.71865475
2002-01-01T00:00:00Z,Abundance (log(CPUE+1)),Young of the Year Rockfish/Groundfish,5.402382,5.782301,11.184683,-0.37991887
2003-01-01T00:00:00Z,Abundance (log(CPUE+1)),Young of the Year Rockfish/Groundfish,4.2365503,5.3841414,9.620691,-1.1475909
2004-01-01T00:00:00Z,Abundance (log(CPUE+1)),Young of the Year Rockfish/Groundfish,6.197404,7.1921387,13.389543,-0.9947347
2005-01-01T00:00:00Z,Abundance (log(CPUE+1)),Young of the Year Rockfish/Groundfish,1.8933817,2.4575915,4.350973,-0.5642099
2006-01-01T00:00:00Z,Abundance (log(CPUE+1)),Young of the Year Rockfish/Groundfish,1.3905954,1.7443306,3.134926,-0.35373515
2007-01-01T00:00:00Z,Abundance (log(CPUE+1)),Young of the Year Rockfish/Groundfish,2.7429883,3.085167,5.828155,-0.34217873
2008-01-01T00:00:00Z,Abundance (log(CPUE+1)),Young of the Year Rockfish/Groundfish,3.3115852,3.664571,6.976156,-0.35298574
2009-01-01T00:00:00Z,Abundance (log(CPUE+1)),Young of the Year Rockfish/Groundfish,4.2026553,4.500609,8.703264,-0.29795352
2010-01-01T00:00:00Z,Abundance (log(CPUE+1)),Young of the Year Rockfish/Groundfish,4.552281,4.5704503,9.122731,-0.018169798
2011-01-01T00:00:00Z,Abundance (log(CPUE+1)),Young of the Year Rockfish/Groundfish,5.084721,5.4987125,10.583433,-0.41399127
2012-01-01T00:00:00Z,Abundance (log(CPUE+1)),Young of the Year Rockfish/Groundfish,4.5036407,5.0014553,9.505096,-0.49781471
2013-01-01T00:00:00Z,Abundance (log(CPUE+1)),Young of the Year Rockfish/Groundfish,7.2377505,7.720412,14.958162,-0.48266125
2014-01-01T00:00:00Z,Abundance (log(CPUE+1)),Young of the Year Rockfish/Groundfish,5.788027,5.9062357,11.6942625,-0.11820866
2015-01-01T00:00:00Z,Abundance (log(CPUE+1)),Young of the Year Rockfish/Groundfish,7.4485836,8.718604,16.167187,-1.2700202
2016-01-01T00:00:00Z,Abundance (log(CPUE+1)),Young of the Year Rockfish/Groundfish,7.600538,8.333887,15.934425,-0.7333495
2017-01-01T00:00:00Z,Abundance (log(CPUE+1)),Young of the Year Rockfish/Groundfish,6.0507736,7.1902256,13.240999,-1.1394521
2018-01-01T00:00:00Z,Abundance (log(CPUE+1)),Young of the Year Rockfish/Groundfish,5.7337265,6.5810313,12.314758,-0.847305
1990-01-01T00:00:00Z,Abundance (log(CPUE+1)),Forage,5.7036524,6.3989267,12.102579,-0.6952742
1991-01-01T00:00:00Z,Abundance (log(CPUE+1)),Forage,6.148278,7.73088,13.879158,-1.5826015
1992-01-01T00:00:00Z,Abundance (log(CPUE+1)),Forage,6.1739287,6.2428713,12.4168005,-0.06894253
1993-01-01T00:00:00Z,Abundance (log(CPUE+1)),Forage,6.1554976,6.898735,13.054233,-0.74323726
1994-01-01T00:00:00Z,Abundance (log(CPUE+1)),Forage,5.7971396,6.776842,12.573982,-0.97970235
1995-01-01T00:00:00Z,Abundance (log(CPUE+1)),Forage,6.278756,7.379303,13.658059,-1.1005472
1996-01-01T00:00:00Z,Abundance (log(CPUE+1)),Forage,5.6891556,6.192815,11.88197,-0.50365937
1997-01-01T00:00:00Z,Abundance (log(CPUE+1)),Forage,5.2562475,5.6782894,10.934537,-0.4220418
1998-01-01T00:00:00Z,Abundance (log(CPUE+1)),Forage,5.2194185,6.052227,11.271646,-0.8328088
1999-01-01T00:00:00Z,Abundance (log(CPUE+1)),Forage,4.4516726,5.436841,9.888514,-0.9851684
2000-01-01T00:00:00Z,Abundance (log(CPUE+1)),Forage,4.647052,5.201933,9.848985,-0.5548812
2001-01-01T00:00:00Z,Abundance (log(CPUE+1)),Forage,5.5493875,6.3237715,11.873159,-0.7743843
2002-01-01T00:00:00Z,Abundance (log(CPUE+1)),Forage,5.13734,6.0271707,11.164511,-0.88983035
2003-01-01T00:00:00Z,Abundance (log(CPUE+1)),Forage,5.231664,5.775452,11.007116,-0.5437879
2004-01-01T00:00:00Z,Abundance (log(CPUE+1)),Forage,5.5364904,5.9919353,11.528425,-0.4554451
2005-01-01T00:00:00Z,Abundance (log(CPUE+1)),Forage,5.346112,5.847773,11.193885,-0.501661
2006-01-01T00:00:00Z,Abundance (log(CPUE+1)),Forage,4.7322583,4.98604,9.718299,-0.25378168
2007-01-01T00:00:00Z,Abundance (log(CPUE+1)),Forage,4.928123,5.7771697,10.705293,-0.8490469
2008-01-01T00:00:00Z,Abundance (log(CPUE+1)),Forage,4.8436246,5.4044886,10.248113,-0.560864
2009-01-01T00:00:00Z,Abundance (log(CPUE+1)),Forage,5.842006,6.374781,12.216787,-0.53277504
2010-01-01T00:00:00Z,Abundance (log(CPUE+1)),Forage,6.012789,6.9473577,12.960146,-0.934569
2011-01-01T00:00:00Z,Abundance (log(CPUE+1)),Forage,4.1574287,4.680174,8.837603,-0.52274525
2012-01-01T00:00:00Z,Abundance (log(CPUE+1)),Forage,5.7844405,6.5276294,12.31207,-0.743189
2013-01-01T00:00:00Z,Abundance (log(CPUE+1)),Forage,5.860238,6.5051055,12.365344,-0.6448673
2014-01-01T00:00:00Z,Abundance (log(CPUE+1)),Forage,6.9611297,7.760122,14.7212515,-0.7989921
2015-01-01T00:00:00Z,Abundance (log(CPUE+1)),Forage,6.093852,6.5359726,12.629825,-0.44212067
2016-01-01T00:00:00Z,Abundance (log(CPUE+1)),Forage,5.7428026,6.5237926999999996,12.266596,-0.78099
2017-01-01T00:00:00Z,Abundance (log(CPUE+1)),Forage,6.694708,7.847187,14.541895,-1.1524796
2018-01-01T00:00:00Z,Abundance (log(CPUE+1)),Forage,6.6234326,7.235832,13.859264,-0.6123995
1990-01-01T00:00:00Z,Species Richness (number of species),All Taxa,8.844156,4.8587008,13.702856,3.9854553
1991-01-01T00:00:00Z,Species Richness (number of species),All Taxa,12.5,4.5301733,17.030174,7.9698267
1992-01-01T00:00:00Z,Species Richness (number of species),All Taxa,8.219178,4.472902,12.69208,3.7462764
1993-01-01T00:00:00Z,Species Richness (number of species),All Taxa,13.90411,5.2603455,19.164455,8.6437645
1994-01-01T00:00:00Z,Species Richness (number of species),All Taxa,10.534246,3.8154736,14.34972,6.718773
1995-01-01T00:00:00Z,Species Richness (number of species),All Taxa,8.541667,3.9750543,12.516721,4.5666122
1996-01-01T00:00:00Z,Species Richness (number of species),All Taxa,11.178082,4.4201007,15.598183,6.7579813
1997-01-01T00:00:00Z,Species Richness (number of species),All Taxa,9.971831,4.753861,14.725692,5.21797
1998-01-01T00:00:00Z,Species Richness (number of species),All Taxa,5.9466667,3.5293875,9.476054,2.417279
1999-01-01T00:00:00Z,Species Richness (number of species),All Taxa,8.351352,3.501203,11.852554,4.850148
2000-01-01T00:00:00Z,Species Richness (number of species),All Taxa,9.554217,4.025083,13.5793,5.529134
2001-01-01T00:00:00Z,Species Richness (number of species),All Taxa,12.72,4.250787,16.970787,8.4692135
2002-01-01T00:00:00Z,Species Richness (number of species),All Taxa,14.655738,4.5966845,19.252422,10.059053
2003-01-01T00:00:00Z,Species Richness (number of species),All Taxa,10.792208,3.7252257,14.517433,7.0669823
2004-01-01T00:00:00Z,Species Richness (number of species),All Taxa,14.842857,5.4417486,20.284605,9.401109
2005-01-01T00:00:00Z,Species Richness (number of species),All Taxa,8.074627,4.138926,12.213553,3.9357007
2006-01-01T00:00:00Z,Species Richness (number of species),All Taxa,5.913793,3.4401371,9.35393,2.473656
2007-01-01T00:00:00Z,Species Richness (number of species),All Taxa,7.24,3.4399874,10.679987,3.8000126
2008-01-01T00:00:00Z,Species Richness (number of species),All Taxa,9.321428,3.9539344,13.275363,5.367494
2009-01-01T00:00:00Z,Species Richness (number of species),All Taxa,11.636364,4.75115,16.387514,6.8852134
2010-01-01T00:00:00Z,Species Richness (number of species),All Taxa,12.69697,4.3816743,17.078644,8.315295
2011-01-01T00:00:00Z,Species Richness (number of species),All Taxa,11.44186,4.119075,15.560935,7.322786
2012-01-01T00:00:00Z,Species Richness (number of species),All Taxa,6.5636363,3.0897899,9.653426,3.4738464
2013-01-01T00:00:00Z,Species Richness (number of species),All Taxa,13.769231,5.170108,18.939339,8.599123
2014-01-01T00:00:00Z,Species Richness (number of species),All Taxa,14.403509,3.6295397,18.033049,10.773969
2015-01-01T00:00:00Z,Species Richness (number of species),All Taxa,21.982143,5.949763,27.931906,16.032381
2016-01-01T00:00:00Z,Species Richness (number of species),All Taxa,15.5625,5.6902537,21.252754,9.872246
2017-01-01T00:00:00Z,Species Richness (number of species),All Taxa,12.264706,7.0035005,19.268206,5.261205
2018-01-01T00:00:00Z,Species Richness (number of species),All Taxa,12.404762,4.542802,16.947563,7.86196
1990-01-01T00:00:00Z,Species Richness (number of species),Young of the Year Rockfish/Groundfish,4.857143,3.4363165,8.293459,1.4208264
1991-01-01T00:00:00Z,Species Richness (number of species),Young of the Year Rockfish/Groundfish,9.4,3.8006504,13.20065,5.5993495
1992-01-01T00:00:00Z,Species Richness (number of species),Young of the Year Rockfish/Groundfish,3.9315069,3.3430223,7.2745295,0.5884844
1993-01-01T00:00:00Z,Species Richness (number of species),Young of the Year Rockfish/Groundfish,8.657535,4.031884,12.689418,4.6256504
1994-01-01T00:00:00Z,Species Richness (number of species),Young of the Year Rockfish/Groundfish,5.808219,2.2952702,8.103489,3.512949
1995-01-01T00:00:00Z,Species Richness (number of species),Young of the Year Rockfish/Groundfish,4.1527777,2.5100346,6.662812,1.6427431
1996-01-01T00:00:00Z,Species Richness (number of species),Young of the Year Rockfish/Groundfish,6.3150687,2.4145203,8.7295885,3.9005482
1997-01-01T00:00:00Z,Species Richness (number of species),Young of the Year Rockfish/Groundfish,4.830986,3.1531658,7.984152,1.6778201
1998-01-01T00:00:00Z,Species Richness (number of species),Young of the Year Rockfish/Groundfish,1.7866666,1.7028857,3.4895525,0.08378094
1999-01-01T00:00:00Z,Species Richness (number of species),Young of the Year Rockfish/Groundfish,5.2702703,2.608192,7.8784623,2.6620781
2000-01-01T00:00:00Z,Species Richness (number of species),Young of the Year Rockfish/Groundfish,6.192771,3.0859945,9.278766,3.1067767
2001-01-01T00:00:00Z,Species Richness (number of species),Young of the Year Rockfish/Groundfish,8.52,3.0374243,11.557425,5.482576
2002-01-01T00:00:00Z,Species Richness (number of species),Young of the Year Rockfish/Groundfish,10.721312,4.107437,14.828749,6.6138744
2003-01-01T00:00:00Z,Species Richness (number of species),Young of the Year Rockfish/Groundfish,5.857143,2.5011275,8.358271,3.3560152
2004-01-01T00:00:00Z,Species Richness (number of species),Young of the Year Rockfish/Groundfish,9.285714,4.0005174,13.286232,5.285197
2005-01-01T00:00:00Z,Species Richness (number of species),Young of the Year Rockfish/Groundfish,1.8507463,1.6900218,3.5407681,0.16072448
2006-01-01T00:00:00Z,Species Richness (number of species),Young of the Year Rockfish/Groundfish,1.5,1.5361149,3.036115,-0.036114946
2007-01-01T00:00:00Z,Species Richness (number of species),Young of the Year Rockfish/Groundfish,3.32,2.3258827,5.6458826,0.99411744
2008-01-01T00:00:00Z,Species Richness (number of species),Young of the Year Rockfish/Groundfish,4.714286,2.9168367,7.6311226,1.797449
2009-01-01T00:00:00Z,Species Richness (number of species),Young of the Year Rockfish/Groundfish,7.6060605,3.9686418,11.574702,3.637419
2010-01-01T00:00:00Z,Species Richness (number of species),Young of the Year Rockfish/Groundfish,8.469697,3.0393305,11.5090275,5.4303665
2011-01-01T00:00:00Z,Species Richness (number of species),Young of the Year Rockfish/Groundfish,8.604651,3.478776,12.083427,5.125875
2012-01-01T00:00:00Z,Species Richness (number of species),Young of the Year Rockfish/Groundfish,3.7818182,2.2500281,6.031846,1.5317901
2013-01-01T00:00:00Z,Species Richness (number of species),Young of the Year Rockfish/Groundfish,9.923077,4.072125,13.995202,5.850952
2014-01-01T00:00:00Z,Species Richness (number of species),Young of the Year Rockfish/Groundfish,10.087719,2.5091312,12.59685,7.578588
2015-01-01T00:00:00Z,Species Richness (number of species),Young of the Year Rockfish/Groundfish,14.464286,4.3650026,18.829288,10.099283
2016-01-01T00:00:00Z,Species Richness (number of species),Young of the Year Rockfish/Groundfish,9.770833,4.033053,13.803886,5.7377806
2017-01-01T00:00:00Z,Species Richness (number of species),Young of the Year Rockfish/Groundfish,8.088235,4.8640156,12.9522505,3.22422
2018-01-01T00:00:00Z,Species Richness (number of species),Young of the Year Rockfish/Groundfish,7.047619,3.491819,10.539438,3.5558002
1990-01-01T00:00:00Z,Species Richness (number of species),Forage,3.6233766,2.3733108,5.9966874,1.2500658
1991-01-01T00:00:00Z,Species Richness (number of species),Forage,2.9,1.9662889,4.866289,0.93371105
1992-01-01T00:00:00Z,Species Richness (number of species),Forage,4.0410957,2.1044817,6.1455774,1.9366142
1993-01-01T00:00:00Z,Species Richness (number of species),Forage,4.9041095,2.2121155,7.1162252,2.691994
1994-01-01T00:00:00Z,Species Richness (number of species),Forage,4.2465754,2.3080826,6.554658,1.9384928
1995-01-01T00:00:00Z,Species Richness (number of species),Forage,3.8194444,2.3456666,6.165111,1.4737779
1996-01-01T00:00:00Z,Species Richness (number of species),Forage,4.410959,3.1350865,7.5460453,1.2758725
1997-01-01T00:00:00Z,Species Richness (number of species),Forage,4.830986,2.5127442,7.34373,2.3182418
1998-01-01T00:00:00Z,Species Richness (number of species),Forage,3.5066667,2.4625483,5.969215,1.0441184
1999-01-01T00:00:00Z,Species Richness (number of species),Forage,2.5675676,1.937949,4.5055165,0.62961864
2000-01-01T00:00:00Z,Species Richness (number of species),Forage,3.313253,1.9995592,5.3128123,1.3136939
2001-01-01T00:00:00Z,Species Richness (number of species),Forage,3.9466667,2.1554039,6.1020703,1.7912629
2002-01-01T00:00:00Z,Species Richness (number of species),Forage,3.5737705,2.0853379,5.659108,1.4884326
2003-01-01T00:00:00Z,Species Richness (number of species),Forage,4.233766,2.6847332,6.9184995,1.549033
2004-01-01T00:00:00Z,Species Richness (number of species),Forage,5.1571426,2.8924475,8.04959,2.2646954
2005-01-01T00:00:00Z,Species Richness (number of species),Forage,4.8656716,2.9123328,7.7780046,1.9533389
2006-01-01T00:00:00Z,Species Richness (number of species),Forage,3.5172415,2.6106489,6.12789,0.9065926
2007-01-01T00:00:00Z,Species Richness (number of species),Forage,3.2533333,2.5367212,5.790055,0.71661204
2008-01-01T00:00:00Z,Species Richness (number of species),Forage,3.892857,2.6435006,6.536358,1.2493566
2009-01-01T00:00:00Z,Species Richness (number of species),Forage,3.6515152,2.2836707,5.935186,1.3678446
2010-01-01T00:00:00Z,Species Richness (number of species),Forage,3.6666667,2.342473,6.0091395,1.3241937
2011-01-01T00:00:00Z,Species Richness (number of species),Forage,2.3488371,1.5566099,3.905447,0.7922273
2012-01-01T00:00:00Z,Species Richness (number of species),Forage,2.1272728,1.4536613,3.580934,0.6736114
2013-01-01T00:00:00Z,Species Richness (number of species),Forage,3.4615386,2.164432,5.6259704,1.2971064
2014-01-01T00:00:00Z,Species Richness (number of species),Forage,4.0701756,2.234947,6.3051224,1.8352286
2015-01-01T00:00:00Z,Species Richness (number of species),Forage,7,2.4790027,9.479003,4.520997
2016-01-01T00:00:00Z,Species Richness (number of species),Forage,4.875,2.6306298,7.5056295,2.2443702
2017-01-01T00:00:00Z,Species Richness (number of species),Forage,3.735294,2.6205347,6.355829,1.1147596
2018-01-01T00:00:00Z,Species Richness (number of species),Forage,4.928571,2.6813982,7.6099696,2.2471733
1990-01-01T00:00:00Z,Shannon-Weaver diversity,All Taxa,0.41802415,0.5182946,0.9363187,-0.10027042
1991-01-01T00:00:00Z,Shannon-Weaver diversity,All Taxa,0.42511436,0.67310965,1.098224,-0.2479953
1992-01-01T00:00:00Z,Shannon-Weaver diversity,All Taxa,0.5244004,0.5342272,1.0586276,-0.0098267235
1993-01-01T00:00:00Z,Shannon-Weaver diversity,All Taxa,0.5279126,0.58789176,1.1158043,-0.059979156
1994-01-01T00:00:00Z,Shannon-Weaver diversity,All Taxa,0.33032617,0.47297102,0.80329716,-0.14264487
1995-01-01T00:00:00Z,Shannon-Weaver diversity,All Taxa,0.36794287,0.46600544,0.8339483,-0.098062559999999993
1996-01-01T00:00:00Z,Shannon-Weaver diversity,All Taxa,0.71927905,0.5811954,1.3004745,0.13808365
1997-01-01T00:00:00Z,Shannon-Weaver diversity,All Taxa,0.3438317,0.45602044,0.79985213,-0.11218877
1998-01-01T00:00:00Z,Shannon-Weaver diversity,All Taxa,0.60192055,0.5700197,1.1719403,0.031900793
1999-01-01T00:00:00Z,Shannon-Weaver diversity,All Taxa,0.33785185,0.43996388,0.77781576,-0.102112
2000-01-01T00:00:00Z,Shannon-Weaver diversity,All Taxa,0.24775253,0.41586533,0.66361785,-0.16811278
2001-01-01T00:00:00Z,Shannon-Weaver diversity,All Taxa,0.26166776,0.34779748,0.60946524,-0.08612974
2002-01-01T00:00:00Z,Shannon-Weaver diversity,All Taxa,0.75488436,0.66556835,1.4204527,0.08931598
2003-01-01T00:00:00Z,Shannon-Weaver diversity,All Taxa,0.40150437,0.49365976,0.89516413,-0.0921554
2004-01-01T00:00:00Z,Shannon-Weaver diversity,All Taxa,0.5815811,0.5914823,1.1730634,-0.009901145
2005-01-01T00:00:00Z,Shannon-Weaver diversity,All Taxa,0.38100046,0.4653507,0.84635115,-0.084350236
2006-01-01T00:00:00Z,Shannon-Weaver diversity,All Taxa,0.27650565,0.4181313,0.69463694,-0.14162563
2007-01-01T00:00:00Z,Shannon-Weaver diversity,All Taxa,0.26614568,0.4583569,0.72450256,-0.19221124
2008-01-01T00:00:00Z,Shannon-Weaver diversity,All Taxa,0.0696443,0.13255867,0.20220298,-0.06291438
2009-01-01T00:00:00Z,Shannon-Weaver diversity,All Taxa,0.31547102,0.49756613,0.81303716,-0.18209511
2010-01-01T00:00:00Z,Shannon-Weaver diversity,All Taxa,0.34200406,0.45938075,0.8013848,-0.117376685
2011-01-01T00:00:00Z,Shannon-Weaver diversity,All Taxa,0.140098,0.28178298,0.421881,-0.14168498
2012-01-01T00:00:00Z,Shannon-Weaver diversity,All Taxa,0.13862573,0.2638758,0.40250152,-0.12525007
2013-01-01T00:00:00Z,Shannon-Weaver diversity,All Taxa,0.30307403,0.4585782,0.76165223,-0.15550417
2014-01-01T00:00:00Z,Shannon-Weaver diversity,All Taxa,0.3031914,0.44708955,0.750281,-0.14389817
2015-01-01T00:00:00Z,Shannon-Weaver diversity,All Taxa,1.0175031,0.80784506,1.8253481,0.20965801
2016-01-01T00:00:00Z,Shannon-Weaver diversity,All Taxa,0.65094876,0.61287475,1.2638235,0.038074005
2017-01-01T00:00:00Z,Shannon-Weaver diversity,All Taxa,0.17757209,0.24618216,0.42375425,-0.06861009
2018-01-01T00:00:00Z,Shannon-Weaver diversity,All Taxa,0.23209786,0.36064905,0.5927469,-0.1285512
1990-01-01T00:00:00Z,Shannon-Weaver diversity,Young of the Year Rockfish/Groundfish,0.9623432,0.52556276,1.487906,0.43678045
1991-01-01T00:00:00Z,Shannon-Weaver diversity,Young of the Year Rockfish/Groundfish,1.4669633,0.4816146,1.9485779,0.9853487
1992-01-01T00:00:00Z,Shannon-Weaver diversity,Young of the Year Rockfish/Groundfish,0.8023491,0.5787289,1.381078,0.22362016
1993-01-01T00:00:00Z,Shannon-Weaver diversity,Young of the Year Rockfish/Groundfish,1.0699273,0.60518044,1.6751078,0.46474695
1994-01-01T00:00:00Z,Shannon-Weaver diversity,Young of the Year Rockfish/Groundfish,1.1100322,0.44188526,1.5519176,0.66814697
1995-01-01T00:00:00Z,Shannon-Weaver diversity,Young of the Year Rockfish/Groundfish,0.9824817,0.5604171,1.5428988,0.42206463
1996-01-01T00:00:00Z,Shannon-Weaver diversity,Young of the Year Rockfish/Groundfish,1.1929649,0.4216891,1.6146541,0.7712758
1997-01-01T00:00:00Z,Shannon-Weaver diversity,Young of the Year Rockfish/Groundfish,0.90550053,0.59385824,1.4993588,0.3116423
1998-01-01T00:00:00Z,Shannon-Weaver diversity,Young of the Year Rockfish/Groundfish,0.42200154,0.51255226,0.9345538,-0.090550706
1999-01-01T00:00:00Z,Shannon-Weaver diversity,Young of the Year Rockfish/Groundfish,0.848156,0.51236993,1.360526,0.33578604
2000-01-01T00:00:00Z,Shannon-Weaver diversity,Young of the Year Rockfish/Groundfish,1.149702,0.5098329,1.6595349,0.63986903
2001-01-01T00:00:00Z,Shannon-Weaver diversity,Young of the Year Rockfish/Groundfish,1.382886,0.39382187,1.7767079,0.9890642
2002-01-01T00:00:00Z,Shannon-Weaver diversity,Young of the Year Rockfish/Groundfish,1.5863273,0.40202218,1.9883494,1.1843051
2003-01-01T00:00:00Z,Shannon-Weaver diversity,Young of the Year Rockfish/Groundfish,1.2773215,0.4468732,1.7241946,0.8304483
2004-01-01T00:00:00Z,Shannon-Weaver diversity,Young of the Year Rockfish/Groundfish,1.235079,0.6697051,1.9047842,0.565374
2005-01-01T00:00:00Z,Shannon-Weaver diversity,Young of the Year Rockfish/Groundfish,0.477331,0.5489426,1.0262736,-0.071611635
2006-01-01T00:00:00Z,Shannon-Weaver diversity,Young of the Year Rockfish/Groundfish,0.41054064,0.52419275,0.9347334,-0.11365213
2007-01-01T00:00:00Z,Shannon-Weaver diversity,Young of the Year Rockfish/Groundfish,0.8133067,0.60164005,1.4149467,0.21166664
2008-01-01T00:00:00Z,Shannon-Weaver diversity,Young of the Year Rockfish/Groundfish,1.0611248,0.62768537,1.6888101,0.43343946
2009-01-01T00:00:00Z,Shannon-Weaver diversity,Young of the Year Rockfish/Groundfish,1.3916358,0.4857286,1.8773644,0.90590715
2010-01-01T00:00:00Z,Shannon-Weaver diversity,Young of the Year Rockfish/Groundfish,1.4142934,0.4417224,1.8560157,0.97257096
2011-01-01T00:00:00Z,Shannon-Weaver diversity,Young of the Year Rockfish/Groundfish,1.5700519,0.2907927,1.8608446,1.2792592
2012-01-01T00:00:00Z,Shannon-Weaver diversity,Young of the Year Rockfish/Groundfish,0.76025426,0.4563667,1.2166209,0.3038876
2013-01-01T00:00:00Z,Shannon-Weaver diversity,Young of the Year Rockfish/Groundfish,1.3727046,0.43245912,1.8051639,0.94024557
2014-01-01T00:00:00Z,Shannon-Weaver diversity,Young of the Year Rockfish/Groundfish,1.5158824,0.37530804,1.8911904,1.1405743
2015-01-01T00:00:00Z,Shannon-Weaver diversity,Young of the Year Rockfish/Groundfish,1.6908584,0.3299391,2.0207975,1.3609192
2016-01-01T00:00:00Z,Shannon-Weaver diversity,Young of the Year Rockfish/Groundfish,1.0904148,0.47994632,1.570361,0.6104684
2017-01-01T00:00:00Z,Shannon-Weaver diversity,Young of the Year Rockfish/Groundfish,1.2443007,0.48021936,1.7245201,0.76408136
2018-01-01T00:00:00Z,Shannon-Weaver diversity,Young of the Year Rockfish/Groundfish,1.1462511,0.54318774,1.6894388,0.6030634
1990-01-01T00:00:00Z,Shannon-Weaver diversity,Forage,0.56238174,0.4507565,1.0131383,0.11162528
1991-01-01T00:00:00Z,Shannon-Weaver diversity,Forage,0.51262754,0.45729655,0.9699241,0.055331003
1992-01-01T00:00:00Z,Shannon-Weaver diversity,Forage,0.5545777,0.44303137,0.9976091,0.111546345
1993-01-01T00:00:00Z,Shannon-Weaver diversity,Forage,0.8219306,0.45725772,1.2791883,0.36467287
1994-01-01T00:00:00Z,Shannon-Weaver diversity,Forage,0.6980417,0.47742504,1.1754667,0.22061661
1995-01-01T00:00:00Z,Shannon-Weaver diversity,Forage,0.5922639,0.43829432,1.0305582,0.15396956
1996-01-01T00:00:00Z,Shannon-Weaver diversity,Forage,0.6250707,0.42264572,1.0477164,0.20242494
1997-01-01T00:00:00Z,Shannon-Weaver diversity,Forage,0.8030682,0.44566968,1.2487379,0.35739854
1998-01-01T00:00:00Z,Shannon-Weaver diversity,Forage,0.60510665,0.46465904,1.0697657,0.14044765
1999-01-01T00:00:00Z,Shannon-Weaver diversity,Forage,0.50312406,0.45608196,0.95920604,0.047042124
2000-01-01T00:00:00Z,Shannon-Weaver diversity,Forage,0.67680854,0.51465946,1.191468,0.16214906
2001-01-01T00:00:00Z,Shannon-Weaver diversity,Forage,0.6423513,0.5117928,1.154144,0.13055857
2002-01-01T00:00:00Z,Shannon-Weaver diversity,Forage,0.5568945,0.43414095,0.9910354,0.122753516
2003-01-01T00:00:00Z,Shannon-Weaver diversity,Forage,0.7521975,0.48099163,1.2331891,0.27120587
2004-01-01T00:00:00Z,Shannon-Weaver diversity,Forage,0.811146,0.49261776,1.3037637,0.31852826
2005-01-01T00:00:00Z,Shannon-Weaver diversity,Forage,0.81659055,0.479203,1.2957935,0.33738756
2006-01-01T00:00:00Z,Shannon-Weaver diversity,Forage,0.6226217,0.4932313,1.115853,0.12939042
2007-01-01T00:00:00Z,Shannon-Weaver diversity,Forage,0.49469465,0.48486412,0.97955877,0.00983051
2008-01-01T00:00:00Z,Shannon-Weaver diversity,Forage,0.81600636,0.51823074,1.3342371,0.29777563
2009-01-01T00:00:00Z,Shannon-Weaver diversity,Forage,0.6275238,0.48653862,1.1140624,0.14098518
2010-01-01T00:00:00Z,Shannon-Weaver diversity,Forage,0.54249287,0.42547736,0.9679702,0.117015496
2011-01-01T00:00:00Z,Shannon-Weaver diversity,Forage,0.46031424,0.4449128,0.90522707,0.015401467
2012-01-01T00:00:00Z,Shannon-Weaver diversity,Forage,0.27380547,0.3920748,0.66588026,-0.118269324
2013-01-01T00:00:00Z,Shannon-Weaver diversity,Forage,0.6166683,0.52093434,1.1376027,0.09573398
2014-01-01T00:00:00Z,Shannon-Weaver diversity,Forage,0.5585294,0.45601264,1.014542,0.10251672
2015-01-01T00:00:00Z,Shannon-Weaver diversity,Forage,1.0479243,0.45287773,1.500802,0.5950466
2016-01-01T00:00:00Z,Shannon-Weaver diversity,Forage,0.9728768,0.54343563,1.5163125,0.42944118
2017-01-01T00:00:00Z,Shannon-Weaver diversity,Forage,0.54011935,0.5625378,1.1026571,-0.022418441
2018-01-01T00:00:00Z,Shannon-Weaver diversity,Forage,0.68326813,0.46418637,1.1474545,0.21908177
1990-01-01T00:00:00Z,Pielous evenness,All Taxa,0.21307556,0.26354685,0.47662243,-0.0504713
1991-01-01T00:00:00Z,Pielous evenness,All Taxa,0.1682028,0.25916618,0.427369,-0.090963386
1992-01-01T00:00:00Z,Pielous evenness,All Taxa,0.26211926,0.2632351,0.5253543,-0.001115836
1993-01-01T00:00:00Z,Pielous evenness,All Taxa,0.21262224,0.24590266,0.45852488,-0.033280425
1994-01-01T00:00:00Z,Pielous evenness,All Taxa,0.14540325,0.21058618,0.35598943,-0.06518292
1995-01-01T00:00:00Z,Pielous evenness,All Taxa,0.18596838,0.22131154,0.40727994,-0.03534315
1996-01-01T00:00:00Z,Pielous evenness,All Taxa,0.30876148,0.25900412,0.5677656,0.04975735
1997-01-01T00:00:00Z,Pielous evenness,All Taxa,0.16957302,0.2366828,0.4062558,-0.06710977
1998-01-01T00:00:00Z,Pielous evenness,All Taxa,0.37061095,0.32021633,0.6908273,0.05039462
1999-01-01T00:00:00Z,Pielous evenness,All Taxa,0.16504163,0.21487412,0.37991574,-0.049832497
2000-01-01T00:00:00Z,Pielous evenness,All Taxa,0.12892318,0.21640591,0.34532908,-0.087482736
2001-01-01T00:00:00Z,Pielous evenness,All Taxa,0.11424859,0.1677259,0.2819745,-0.05347731
2002-01-01T00:00:00Z,Pielous evenness,All Taxa,0.28872368,0.2552419,0.5439656,0.03348178
2003-01-01T00:00:00Z,Pielous evenness,All Taxa,0.17217721,0.21802706,0.39020425,-0.045849834
2004-01-01T00:00:00Z,Pielous evenness,All Taxa,0.23396145,0.25012562,0.48408705,-0.016164178
2005-01-01T00:00:00Z,Pielous evenness,All Taxa,0.20001434,0.25211358,0.4521279,-0.052099235
2006-01-01T00:00:00Z,Pielous evenness,All Taxa,0.2185972,0.33374316,0.5523404,-0.115145944
2007-01-01T00:00:00Z,Pielous evenness,All Taxa,0.1526062,0.26052147,0.4131277,-0.10791528
2008-01-01T00:00:00Z,Pielous evenness,All Taxa,0.031660482,0.05746754,0.089128025,-0.025807058
2009-01-01T00:00:00Z,Pielous evenness,All Taxa,0.15448952,0.26917633,0.42366588,-0.11468683
2010-01-01T00:00:00Z,Pielous evenness,All Taxa,0.14178413,0.19890279,0.34068692,-0.057118654
2011-01-01T00:00:00Z,Pielous evenness,All Taxa,0.0559525,0.10404108,0.15999357,-0.048088577
2012-01-01T00:00:00Z,Pielous evenness,All Taxa,0.074366465,0.13305202,0.20741849,-0.05868555
2013-01-01T00:00:00Z,Pielous evenness,All Taxa,0.12613353,0.19362289,0.31975642,-0.06748936
2014-01-01T00:00:00Z,Pielous evenness,All Taxa,0.11489914,0.16890606,0.28380522,-0.054006923
2015-01-01T00:00:00Z,Pielous evenness,All Taxa,0.338783,0.27178714,0.61057013,0.06699585
2016-01-01T00:00:00Z,Pielous evenness,All Taxa,0.24793528,0.23846349,0.48639876,0.009471782
2017-01-01T00:00:00Z,Pielous evenness,All Taxa,0.08566357,0.1390634,0.22472697,-0.053399824
2018-01-01T00:00:00Z,Pielous evenness,All Taxa,0.09249015,0.140447,0.23293716,-0.04795685
1990-01-01T00:00:00Z,Pielous evenness,Young of the Year Rockfish/Groundfish,0.6738081,0.29750982,0.97131795,0.37629828
1991-01-01T00:00:00Z,Pielous evenness,Young of the Year Rockfish/Groundfish,0.6868501,0.16977032,0.85662043,0.5170798
1992-01-01T00:00:00Z,Pielous evenness,Young of the Year Rockfish/Groundfish,0.6196808,0.34450048,0.9641813,0.27518037
1993-01-01T00:00:00Z,Pielous evenness,Young of the Year Rockfish/Groundfish,0.5422114,0.27117622,0.81338763,0.27103522
1994-01-01T00:00:00Z,Pielous evenness,Young of the Year Rockfish/Groundfish,0.6621262,0.21724379,0.87937,0.4448824
1995-01-01T00:00:00Z,Pielous evenness,Young of the Year Rockfish/Groundfish,0.74079543,0.25833204,0.99912745,0.4824634
1996-01-01T00:00:00Z,Pielous evenness,Young of the Year Rockfish/Groundfish,0.6919703,0.2033927,0.895363,0.48857757
1997-01-01T00:00:00Z,Pielous evenness,Young of the Year Rockfish/Groundfish,0.6518913,0.30435327,0.9562446,0.34753805
1998-01-01T00:00:00Z,Pielous evenness,Young of the Year Rockfish/Groundfish,0.51465994,0.45800325,0.9726632,0.056656692
1999-01-01T00:00:00Z,Pielous evenness,Young of the Year Rockfish/Groundfish,0.56837034,0.28895766,0.85732794,0.2794127
2000-01-01T00:00:00Z,Pielous evenness,Young of the Year Rockfish/Groundfish,0.69972247,0.23249522,0.9322177,0.46722728
2001-01-01T00:00:00Z,Pielous evenness,Young of the Year Rockfish/Groundfish,0.6830834,0.16920973,0.85229313,0.5138737
2002-01-01T00:00:00Z,Pielous evenness,Young of the Year Rockfish/Groundfish,0.69919115,0.15613434,0.85532546,0.5430568
2003-01-01T00:00:00Z,Pielous evenness,Young of the Year Rockfish/Groundfish,0.7764255,0.20569406,0.9821195,0.5707314
2004-01-01T00:00:00Z,Pielous evenness,Young of the Year Rockfish/Groundfish,0.5882802,0.2857103,0.8739905,0.30256987
2005-01-01T00:00:00Z,Pielous evenness,Young of the Year Rockfish/Groundfish,0.562641,0.43969253,1.0023335,0.12294848
2006-01-01T00:00:00Z,Pielous evenness,Young of the Year Rockfish/Groundfish,0.49383566,0.47112668,0.9649623,0.022708982
2007-01-01T00:00:00Z,Pielous evenness,Young of the Year Rockfish/Groundfish,0.7249412,0.32022098,1.0451622,0.40472022
2008-01-01T00:00:00Z,Pielous evenness,Young of the Year Rockfish/Groundfish,0.7173142,0.2795535,0.9968677,0.43776068
2009-01-01T00:00:00Z,Pielous evenness,Young of the Year Rockfish/Groundfish,0.76794106,0.18832533,0.9562664,0.5796158
2010-01-01T00:00:00Z,Pielous evenness,Young of the Year Rockfish/Groundfish,0.69078916,0.18290345,0.8736926,0.5078857
2011-01-01T00:00:00Z,Pielous evenness,Young of the Year Rockfish/Groundfish,0.76717937,0.12394211,0.8911215,0.6432373
2012-01-01T00:00:00Z,Pielous evenness,Young of the Year Rockfish/Groundfish,0.6553421,0.27782345,0.93316555,0.37751862
2013-01-01T00:00:00Z,Pielous evenness,Young of the Year Rockfish/Groundfish,0.6235661,0.15595248,0.7795186,0.4676136
2014-01-01T00:00:00Z,Pielous evenness,Young of the Year Rockfish/Groundfish,0.6677511,0.1599629,0.82771397,0.5077881
2015-01-01T00:00:00Z,Pielous evenness,Young of the Year Rockfish/Groundfish,0.6491971,0.14047748,0.7896745,0.5087196
2016-01-01T00:00:00Z,Pielous evenness,Young of the Year Rockfish/Groundfish,0.4996623,0.23326844,0.7329308,0.26639387
2017-01-01T00:00:00Z,Pielous evenness,Young of the Year Rockfish/Groundfish,0.67312485,0.24815948,0.9212843,0.42496535
2018-01-01T00:00:00Z,Pielous evenness,Young of the Year Rockfish/Groundfish,0.65598065,0.25526187,0.91124254,0.40071878
1990-01-01T00:00:00Z,Pielous evenness,Forage,0.48021933,0.2823442,0.7625635,0.19787513
1991-01-01T00:00:00Z,Pielous evenness,Forage,0.5489939,0.3614245,0.9104184,0.18756938
1992-01-01T00:00:00Z,Pielous evenness,Forage,0.44095245,0.29787177,0.73882425,0.1430807
1993-01-01T00:00:00Z,Pielous evenness,Forage,0.5647352,0.24828461,0.8130198,0.31645057
1994-01-01T00:00:00Z,Pielous evenness,Forage,0.5347291,0.3127181,0.8474473,0.22201104
1995-01-01T00:00:00Z,Pielous evenness,Forage,0.49111882,0.30374625,0.7948651,0.18737255
1996-01-01T00:00:00Z,Pielous evenness,Forage,0.5124013,0.28129575,0.79369706,0.23110555
1997-01-01T00:00:00Z,Pielous evenness,Forage,0.54788166,0.27167276,0.8195544,0.27620888
1998-01-01T00:00:00Z,Pielous evenness,Forage,0.5766315,0.29616365,0.8727951,0.2804678
1999-01-01T00:00:00Z,Pielous evenness,Forage,0.5328053,0.3432341,0.8760394,0.18957125
2000-01-01T00:00:00Z,Pielous evenness,Forage,0.64024717,0.32366502,0.9639122,0.31658217
2001-01-01T00:00:00Z,Pielous evenness,Forage,0.4915629,0.31406486,0.80562776,0.17749804
2002-01-01T00:00:00Z,Pielous evenness,Forage,0.4985183,0.2804207,0.77893895,0.21809758
2003-01-01T00:00:00Z,Pielous evenness,Forage,0.6431083,0.24222758,0.8853359,0.40088075
2004-01-01T00:00:00Z,Pielous evenness,Forage,0.5667365,0.27024782,0.83698434,0.2964887
2005-01-01T00:00:00Z,Pielous evenness,Forage,0.5891342,0.2626404,0.85177463,0.32649383
2006-01-01T00:00:00Z,Pielous evenness,Forage,0.56835246,0.32529032,0.8936428,0.24306212
2007-01-01T00:00:00Z,Pielous evenness,Forage,0.5302125,0.30777055,0.8379831,0.22244196
2008-01-01T00:00:00Z,Pielous evenness,Forage,0.67452466,0.29437637,0.96890104,0.38014826
2009-01-01T00:00:00Z,Pielous evenness,Forage,0.547509,0.31448138,0.86199045,0.23302767
2010-01-01T00:00:00Z,Pielous evenness,Forage,0.4907354,0.32628113,0.81701654,0.16445427
2011-01-01T00:00:00Z,Pielous evenness,Forage,0.6104417,0.34657472,0.9570164,0.26386696
2012-01-01T00:00:00Z,Pielous evenness,Forage,0.3977394,0.35092226,0.74866164,0.04681715
2013-01-01T00:00:00Z,Pielous evenness,Forage,0.51795256,0.3249932,0.84294575,0.19295934
2014-01-01T00:00:00Z,Pielous evenness,Forage,0.4076765,0.307278,0.7149545,0.100398466
2015-01-01T00:00:00Z,Pielous evenness,Forage,0.56331986,0.23252879,0.7958486,0.33079106
2016-01-01T00:00:00Z,Pielous evenness,Forage,0.6936288,0.22889341,0.9225222,0.46473536
2017-01-01T00:00:00Z,Pielous evenness,Forage,0.45681834,0.32605383,0.7828722,0.13076451
2018-01-01T00:00:00Z,Pielous evenness,Forage,0.47680703,0.27108726,0.7478943,0.20571975
