time,encounter_rate,species_cohort
1994-01-01T00:00:00Z,0.00137,Cassins auklet encounter rate (Ce CC)
1995-01-01T00:00:00Z,4.8e-4,Cassins auklet encounter rate (Ce CC)
1996-01-01T00:00:00Z,3.7e-4,Cassins auklet encounter rate (Ce CC)
1997-01-01T00:00:00Z,0.00193,Cassins auklet encounter rate (Ce CC)
1998-01-01T00:00:00Z,0.00191,Cassins auklet encounter rate (Ce CC)
1999-01-01T00:00:00Z,0.00106,Cassins auklet encounter rate (Ce CC)
2000-01-01T00:00:00Z,0,Cassins auklet encounter rate (Ce CC)
2001-01-01T00:00:00Z,0.00334,Cassins auklet encounter rate (Ce CC)
2002-01-01T00:00:00Z,8.2e-4,Cassins auklet encounter rate (Ce CC)
2003-01-01T00:00:00Z,0.00125,Cassins auklet encounter rate (Ce CC)
2004-01-01T00:00:00Z,0.03417,Cassins auklet encounter rate (Ce CC)
2005-01-01T00:00:00Z,0.00509,Cassins auklet encounter rate (Ce CC)
2006-01-01T00:00:00Z,0.00221,Cassins auklet encounter rate (Ce CC)
2007-01-01T00:00:00Z,8.4e-4,Cassins auklet encounter rate (Ce CC)
2008-01-01T00:00:00Z,7.1e-4,Cassins auklet encounter rate (Ce CC)
2009-01-01T00:00:00Z,4.8e-4,Cassins auklet encounter rate (Ce CC)
2010-01-01T00:00:00Z,0.00153,Cassins auklet encounter rate (Ce CC)
2011-01-01T00:00:00Z,0.00126,Cassins auklet encounter rate (Ce CC)
2012-01-01T00:00:00Z,2.6e-4,Cassins auklet encounter rate (Ce CC)
2013-01-01T00:00:00Z,0.0013,Cassins auklet encounter rate (Ce CC)
2014-01-01T00:00:00Z,0.18509,Cassins auklet encounter rate (Ce CC)
2015-01-01T00:00:00Z,0.00273,Cassins auklet encounter rate (Ce CC)
2016-01-01T00:00:00Z,0,Cassins auklet encounter rate (Ce CC)
2017-01-01T00:00:00Z,0.00173,Cassins auklet encounter rate (Ce CC)
2018-01-01T00:00:00Z,0.00274,Cassins auklet encounter rate (Ce CC)
1994-01-01T00:00:00Z,0.01747,Common murre encounter rate(Ce CC)
1995-01-01T00:00:00Z,0.08168,Common murre encounter rate(Ce CC)
1996-01-01T00:00:00Z,0.02382,Common murre encounter rate(Ce CC)
1997-01-01T00:00:00Z,0.07242,Common murre encounter rate(Ce CC)
1998-01-01T00:00:00Z,0.05712,Common murre encounter rate(Ce CC)
1999-01-01T00:00:00Z,0.02135,Common murre encounter rate(Ce CC)
2000-01-01T00:00:00Z,0.0281,Common murre encounter rate(Ce CC)
2001-01-01T00:00:00Z,0.03757,Common murre encounter rate(Ce CC)
2002-01-01T00:00:00Z,0.04138,Common murre encounter rate(Ce CC)
2003-01-01T00:00:00Z,0.04155,Common murre encounter rate(Ce CC)
2004-01-01T00:00:00Z,0.02911,Common murre encounter rate(Ce CC)
2005-01-01T00:00:00Z,0.05837,Common murre encounter rate(Ce CC)
2006-01-01T00:00:00Z,0.09072,Common murre encounter rate(Ce CC)
2007-01-01T00:00:00Z,0.11842,Common murre encounter rate(Ce CC)
2008-01-01T00:00:00Z,0.12404,Common murre encounter rate(Ce CC)
2009-01-01T00:00:00Z,0.04879,Common murre encounter rate(Ce CC)
2010-01-01T00:00:00Z,0.01791,Common murre encounter rate(Ce CC)
2011-01-01T00:00:00Z,0.05026,Common murre encounter rate(Ce CC)
2012-01-01T00:00:00Z,0.03473,Common murre encounter rate(Ce CC)
2013-01-01T00:00:00Z,0.02601,Common murre encounter rate(Ce CC)
2014-01-01T00:00:00Z,0.03868,Common murre encounter rate(Ce CC)
2015-01-01T00:00:00Z,0.3751,Common murre encounter rate(Ce CC)
2016-01-01T00:00:00Z,0.03087,Common murre encounter rate(Ce CC)
2017-01-01T00:00:00Z,0.06658,Common murre encounter rate(Ce CC)
2018-01-01T00:00:00Z,0.05485,Common murre encounter rate(Ce CC)
2019-01-01T00:00:00Z,0.10967,Common murre encounter rate(Ce CC)
1994-01-01T00:00:00Z,9.9e-4,Sooty shearwater encounter rate (Ce CC)
1995-01-01T00:00:00Z,0.00256,Sooty shearwater encounter rate (Ce CC)
1996-01-01T00:00:00Z,0.00416,Sooty shearwater encounter rate (Ce CC)
1997-01-01T00:00:00Z,0.00532,Sooty shearwater encounter rate (Ce CC)
1998-01-01T00:00:00Z,0.01296,Sooty shearwater encounter rate (Ce CC)
1999-01-01T00:00:00Z,0.00537,Sooty shearwater encounter rate (Ce CC)
2000-01-01T00:00:00Z,0.00813,Sooty shearwater encounter rate (Ce CC)
2001-01-01T00:00:00Z,0.00164,Sooty shearwater encounter rate (Ce CC)
2002-01-01T00:00:00Z,0.0013,Sooty shearwater encounter rate (Ce CC)
2003-01-01T00:00:00Z,0.00146,Sooty shearwater encounter rate (Ce CC)
2004-01-01T00:00:00Z,7.9e-4,Sooty shearwater encounter rate (Ce CC)
2005-01-01T00:00:00Z,0.00393,Sooty shearwater encounter rate (Ce CC)
2006-01-01T00:00:00Z,0.0033,Sooty shearwater encounter rate (Ce CC)
2007-01-01T00:00:00Z,0.00142,Sooty shearwater encounter rate (Ce CC)
2008-01-01T00:00:00Z,0.00342,Sooty shearwater encounter rate (Ce CC)
2009-01-01T00:00:00Z,0.00302,Sooty shearwater encounter rate (Ce CC)
2010-01-01T00:00:00Z,8.2e-4,Sooty shearwater encounter rate (Ce CC)
2011-01-01T00:00:00Z,0.01668,Sooty shearwater encounter rate (Ce CC)
2012-01-01T00:00:00Z,0.00614,Sooty shearwater encounter rate (Ce CC)
2013-01-01T00:00:00Z,0.00601,Sooty shearwater encounter rate (Ce CC)
2014-01-01T00:00:00Z,0.00251,Sooty shearwater encounter rate (Ce CC)
2015-01-01T00:00:00Z,0.01038,Sooty shearwater encounter rate (Ce CC)
2016-01-01T00:00:00Z,0.00194,Sooty shearwater encounter rate (Ce CC)
2017-01-01T00:00:00Z,0.00398,Sooty shearwater encounter rate (Ce CC)
2018-01-01T00:00:00Z,0.0031,Sooty shearwater encounter rate (Ce CC)
2019-01-01T00:00:00Z,0.00617,Sooty shearwater encounter rate (Ce CC)
1994-01-01T00:00:00Z,7.3e-5,Northern fulmar encounter rate (Ce CC)
1995-01-01T00:00:00Z,3.87e-4,Northern fulmar encounter rate (Ce CC)
1996-01-01T00:00:00Z,4.8e-5,Northern fulmar encounter rate (Ce CC)
1997-01-01T00:00:00Z,7.24e-4,Northern fulmar encounter rate (Ce CC)
1998-01-01T00:00:00Z,5e-5,Northern fulmar encounter rate (Ce CC)
1999-01-01T00:00:00Z,2.21e-4,Northern fulmar encounter rate (Ce CC)
2000-01-01T00:00:00Z,9.66e-4,Northern fulmar encounter rate (Ce CC)
2001-01-01T00:00:00Z,6.2e-5,Northern fulmar encounter rate (Ce CC)
2002-01-01T00:00:00Z,8.78e-4,Northern fulmar encounter rate (Ce CC)
2003-01-01T00:00:00Z,0.003194,Northern fulmar encounter rate (Ce CC)
2004-01-01T00:00:00Z,1.94e-4,Northern fulmar encounter rate (Ce CC)
2005-01-01T00:00:00Z,5.26e-4,Northern fulmar encounter rate (Ce CC)
2006-01-01T00:00:00Z,5.7e-5,Northern fulmar encounter rate (Ce CC)
2007-01-01T00:00:00Z,5.34e-4,Northern fulmar encounter rate (Ce CC)
2008-01-01T00:00:00Z,3.8e-5,Northern fulmar encounter rate (Ce CC)
2009-01-01T00:00:00Z,2.55e-4,Northern fulmar encounter rate (Ce CC)
2010-01-01T00:00:00Z,0.001603,Northern fulmar encounter rate (Ce CC)
2011-01-01T00:00:00Z,5e-5,Northern fulmar encounter rate (Ce CC)
2012-01-01T00:00:00Z,3.88e-4,Northern fulmar encounter rate (Ce CC)
2013-01-01T00:00:00Z,2.75e-4,Northern fulmar encounter rate (Ce CC)
2014-01-01T00:00:00Z,1.4e-4,Northern fulmar encounter rate (Ce CC)
2015-01-01T00:00:00Z,5.3e-5,Northern fulmar encounter rate (Ce CC)
2016-01-01T00:00:00Z,8.4e-5,Northern fulmar encounter rate (Ce CC)
2017-01-01T00:00:00Z,3.7e-5,Northern fulmar encounter rate (Ce CC)
2018-01-01T00:00:00Z,1.39e-4,Northern fulmar encounter rate (Ce CC)
1994-01-01T00:00:00Z,0.00471,Brandts cormorant encounter rate (Ce CC)
1995-01-01T00:00:00Z,0.0143,Brandts cormorant encounter rate (Ce CC)
1996-01-01T00:00:00Z,0.00767,Brandts cormorant encounter rate (Ce CC)
1997-01-01T00:00:00Z,0.00657,Brandts cormorant encounter rate (Ce CC)
1998-01-01T00:00:00Z,0.00547,Brandts cormorant encounter rate (Ce CC)
1999-01-01T00:00:00Z,0.00361,Brandts cormorant encounter rate (Ce CC)
2000-01-01T00:00:00Z,0.00486,Brandts cormorant encounter rate (Ce CC)
2001-01-01T00:00:00Z,0.00673,Brandts cormorant encounter rate (Ce CC)
2002-01-01T00:00:00Z,0.0085,Brandts cormorant encounter rate (Ce CC)
2003-01-01T00:00:00Z,0.00762,Brandts cormorant encounter rate (Ce CC)
2004-01-01T00:00:00Z,0.00605,Brandts cormorant encounter rate (Ce CC)
2005-01-01T00:00:00Z,0.01888,Brandts cormorant encounter rate (Ce CC)
2006-01-01T00:00:00Z,0.00817,Brandts cormorant encounter rate (Ce CC)
2007-01-01T00:00:00Z,0.02447,Brandts cormorant encounter rate (Ce CC)
2008-01-01T00:00:00Z,0.0207,Brandts cormorant encounter rate (Ce CC)
2009-01-01T00:00:00Z,0.05711,Brandts cormorant encounter rate (Ce CC)
2010-01-01T00:00:00Z,0.0054,Brandts cormorant encounter rate (Ce CC)
2011-01-01T00:00:00Z,0.0196,Brandts cormorant encounter rate (Ce CC)
2012-01-01T00:00:00Z,0.0107,Brandts cormorant encounter rate (Ce CC)
2013-01-01T00:00:00Z,0.00497,Brandts cormorant encounter rate (Ce CC)
2014-01-01T00:00:00Z,0.01366,Brandts cormorant encounter rate (Ce CC)
2015-01-01T00:00:00Z,0.02479,Brandts cormorant encounter rate (Ce CC)
2016-01-01T00:00:00Z,0.00558,Brandts cormorant encounter rate (Ce CC)
2017-01-01T00:00:00Z,0.00816,Brandts cormorant encounter rate (Ce CC)
2018-01-01T00:00:00Z,0.0064,Brandts cormorant encounter rate (Ce CC)
2019-01-01T00:00:00Z,0.009,Brandts cormorant encounter rate (Ce CC)
1997-01-01T00:00:00Z,0,Cassins auklet encounter rate (Ce/So CC) Central
1998-01-01T00:00:00Z,0,Cassins auklet encounter rate (Ce/So CC) Central
1999-01-01T00:00:00Z,0,Cassins auklet encounter rate (Ce/So CC) Central
2000-01-01T00:00:00Z,0,Cassins auklet encounter rate (Ce/So CC) Central
2001-01-01T00:00:00Z,0,Cassins auklet encounter rate (Ce/So CC) Central
2002-01-01T00:00:00Z,0,Cassins auklet encounter rate (Ce/So CC) Central
2003-01-01T00:00:00Z,0,Cassins auklet encounter rate (Ce/So CC) Central
2004-01-01T00:00:00Z,0,Cassins auklet encounter rate (Ce/So CC) Central
2005-01-01T00:00:00Z,0.079,Cassins auklet encounter rate (Ce/So CC) Central
2006-01-01T00:00:00Z,0,Cassins auklet encounter rate (Ce/So CC) Central
2007-01-01T00:00:00Z,0,Cassins auklet encounter rate (Ce/So CC) Central
2008-01-01T00:00:00Z,0,Cassins auklet encounter rate (Ce/So CC) Central
2009-01-01T00:00:00Z,0,Cassins auklet encounter rate (Ce/So CC) Central
2010-01-01T00:00:00Z,0.1,Cassins auklet encounter rate (Ce/So CC) Central
2011-01-01T00:00:00Z,0,Cassins auklet encounter rate (Ce/So CC) Central
2012-01-01T00:00:00Z,0,Cassins auklet encounter rate (Ce/So CC) Central
2013-01-01T00:00:00Z,0,Cassins auklet encounter rate (Ce/So CC) Central
2014-01-01T00:00:00Z,0.433,Cassins auklet encounter rate (Ce/So CC) Central
2015-01-01T00:00:00Z,0,Cassins auklet encounter rate (Ce/So CC) Central
2016-01-01T00:00:00Z,0,Cassins auklet encounter rate (Ce/So CC) Central
2017-01-01T00:00:00Z,0.128,Cassins auklet encounter rate (Ce/So CC) Central
2018-01-01T00:00:00Z,0.078,Cassins auklet encounter rate (Ce/So CC) Central
1997-01-01T00:00:00Z,0,Common murre encounter rate(Ce/So CC) Central
1998-01-01T00:00:00Z,0,Common murre encounter rate(Ce/So CC) Central
1999-01-01T00:00:00Z,0,Common murre encounter rate(Ce/So CC) Central
2000-01-01T00:00:00Z,0,Common murre encounter rate(Ce/So CC) Central
2001-01-01T00:00:00Z,0.331,Common murre encounter rate(Ce/So CC) Central
2002-01-01T00:00:00Z,0.276,Common murre encounter rate(Ce/So CC) Central
2003-01-01T00:00:00Z,0.122,Common murre encounter rate(Ce/So CC) Central
2004-01-01T00:00:00Z,0,Common murre encounter rate(Ce/So CC) Central
2005-01-01T00:00:00Z,0.686,Common murre encounter rate(Ce/So CC) Central
2006-01-01T00:00:00Z,0.415,Common murre encounter rate(Ce/So CC) Central
2007-01-01T00:00:00Z,0.373,Common murre encounter rate(Ce/So CC) Central
2008-01-01T00:00:00Z,0.706,Common murre encounter rate(Ce/So CC) Central
2009-01-01T00:00:00Z,0.814,Common murre encounter rate(Ce/So CC) Central
2010-01-01T00:00:00Z,0.189,Common murre encounter rate(Ce/So CC) Central
2011-01-01T00:00:00Z,1.873,Common murre encounter rate(Ce/So CC) Central
2012-01-01T00:00:00Z,0.779,Common murre encounter rate(Ce/So CC) Central
2013-01-01T00:00:00Z,0.158,Common murre encounter rate(Ce/So CC) Central
2014-01-01T00:00:00Z,0.39,Common murre encounter rate(Ce/So CC) Central
2015-01-01T00:00:00Z,8.726,Common murre encounter rate(Ce/So CC) Central
2016-01-01T00:00:00Z,0.461,Common murre encounter rate(Ce/So CC) Central
2017-01-01T00:00:00Z,1.249,Common murre encounter rate(Ce/So CC) Central
2018-01-01T00:00:00Z,1.707,Common murre encounter rate(Ce/So CC) Central
1997-01-01T00:00:00Z,0,Sooty shearwater encounter rate (Ce/So CC) Central
1998-01-01T00:00:00Z,0,Sooty shearwater encounter rate (Ce/So CC) Central
1999-01-01T00:00:00Z,0,Sooty shearwater encounter rate (Ce/So CC) Central
2000-01-01T00:00:00Z,0,Sooty shearwater encounter rate (Ce/So CC) Central
2001-01-01T00:00:00Z,0,Sooty shearwater encounter rate (Ce/So CC) Central
2002-01-01T00:00:00Z,0,Sooty shearwater encounter rate (Ce/So CC) Central
2003-01-01T00:00:00Z,0.111,Sooty shearwater encounter rate (Ce/So CC) Central
2004-01-01T00:00:00Z,0,Sooty shearwater encounter rate (Ce/So CC) Central
2005-01-01T00:00:00Z,0.093,Sooty shearwater encounter rate (Ce/So CC) Central
2006-01-01T00:00:00Z,0,Sooty shearwater encounter rate (Ce/So CC) Central
2007-01-01T00:00:00Z,0,Sooty shearwater encounter rate (Ce/So CC) Central
2008-01-01T00:00:00Z,0,Sooty shearwater encounter rate (Ce/So CC) Central
2009-01-01T00:00:00Z,0,Sooty shearwater encounter rate (Ce/So CC) Central
2010-01-01T00:00:00Z,0,Sooty shearwater encounter rate (Ce/So CC) Central
2011-01-01T00:00:00Z,0.556,Sooty shearwater encounter rate (Ce/So CC) Central
2012-01-01T00:00:00Z,0.317,Sooty shearwater encounter rate (Ce/So CC) Central
2013-01-01T00:00:00Z,0.172,Sooty shearwater encounter rate (Ce/So CC) Central
2014-01-01T00:00:00Z,0.364,Sooty shearwater encounter rate (Ce/So CC) Central
2015-01-01T00:00:00Z,1,Sooty shearwater encounter rate (Ce/So CC) Central
2016-01-01T00:00:00Z,0.182,Sooty shearwater encounter rate (Ce/So CC) Central
2017-01-01T00:00:00Z,0.364,Sooty shearwater encounter rate (Ce/So CC) Central
2018-01-01T00:00:00Z,0.909,Sooty shearwater encounter rate (Ce/So CC) Central
1997-01-01T00:00:00Z,0,Northern fulmar encounter rate (Ce/So CC) Central
1998-01-01T00:00:00Z,0,Northern fulmar encounter rate (Ce/So CC) Central
1999-01-01T00:00:00Z,0,Northern fulmar encounter rate (Ce/So CC) Central
2000-01-01T00:00:00Z,0,Northern fulmar encounter rate (Ce/So CC) Central
2001-01-01T00:00:00Z,0,Northern fulmar encounter rate (Ce/So CC) Central
2002-01-01T00:00:00Z,0.244,Northern fulmar encounter rate (Ce/So CC) Central
2003-01-01T00:00:00Z,1.165,Northern fulmar encounter rate (Ce/So CC) Central
2004-01-01T00:00:00Z,0,Northern fulmar encounter rate (Ce/So CC) Central
2005-01-01T00:00:00Z,0.079,Northern fulmar encounter rate (Ce/So CC) Central
2006-01-01T00:00:00Z,0,Northern fulmar encounter rate (Ce/So CC) Central
2007-01-01T00:00:00Z,0,Northern fulmar encounter rate (Ce/So CC) Central
2008-01-01T00:00:00Z,0,Northern fulmar encounter rate (Ce/So CC) Central
2009-01-01T00:00:00Z,0.437,Northern fulmar encounter rate (Ce/So CC) Central
2010-01-01T00:00:00Z,2.469,Northern fulmar encounter rate (Ce/So CC) Central
2011-01-01T00:00:00Z,0.133,Northern fulmar encounter rate (Ce/So CC) Central
2012-01-01T00:00:00Z,0.27,Northern fulmar encounter rate (Ce/So CC) Central
2013-01-01T00:00:00Z,1.091,Northern fulmar encounter rate (Ce/So CC) Central
2014-01-01T00:00:00Z,0.636,Northern fulmar encounter rate (Ce/So CC) Central
2015-01-01T00:00:00Z,0.818,Northern fulmar encounter rate (Ce/So CC) Central
2016-01-01T00:00:00Z,0,Northern fulmar encounter rate (Ce/So CC) Central
2017-01-01T00:00:00Z,0.364,Northern fulmar encounter rate (Ce/So CC) Central
2018-01-01T00:00:00Z,0.545,Northern fulmar encounter rate (Ce/So CC) Central
1997-01-01T00:00:00Z,0,Brandts cormorant encounter rate (Ce/So CC) Central
1998-01-01T00:00:00Z,0,Brandts cormorant encounter rate (Ce/So CC) Central
1999-01-01T00:00:00Z,0,Brandts cormorant encounter rate (Ce/So CC) Central
2000-01-01T00:00:00Z,0,Brandts cormorant encounter rate (Ce/So CC) Central
2001-01-01T00:00:00Z,0.484,Brandts cormorant encounter rate (Ce/So CC) Central
2002-01-01T00:00:00Z,0.344,Brandts cormorant encounter rate (Ce/So CC) Central
2003-01-01T00:00:00Z,0.244,Brandts cormorant encounter rate (Ce/So CC) Central
2004-01-01T00:00:00Z,0.365,Brandts cormorant encounter rate (Ce/So CC) Central
2005-01-01T00:00:00Z,0.795,Brandts cormorant encounter rate (Ce/So CC) Central
2006-01-01T00:00:00Z,0.469,Brandts cormorant encounter rate (Ce/So CC) Central
2007-01-01T00:00:00Z,0.559,Brandts cormorant encounter rate (Ce/So CC) Central
2008-01-01T00:00:00Z,0.971,Brandts cormorant encounter rate (Ce/So CC) Central
2009-01-01T00:00:00Z,0.849,Brandts cormorant encounter rate (Ce/So CC) Central
2010-01-01T00:00:00Z,0.369,Brandts cormorant encounter rate (Ce/So CC) Central
2011-01-01T00:00:00Z,1.11,Brandts cormorant encounter rate (Ce/So CC) Central
2012-01-01T00:00:00Z,0.731,Brandts cormorant encounter rate (Ce/So CC) Central
2013-01-01T00:00:00Z,0.278,Brandts cormorant encounter rate (Ce/So CC) Central
2014-01-01T00:00:00Z,2.371,Brandts cormorant encounter rate (Ce/So CC) Central
2015-01-01T00:00:00Z,1.629,Brandts cormorant encounter rate (Ce/So CC) Central
2016-01-01T00:00:00Z,0.253,Brandts cormorant encounter rate (Ce/So CC) Central
2017-01-01T00:00:00Z,0.344,Brandts cormorant encounter rate (Ce/So CC) Central
2018-01-01T00:00:00Z,0.596,Brandts cormorant encounter rate (Ce/So CC) Central
1997-01-01T00:00:00Z,0.015,Cassins auklet encounter rate (Ce/So CC) North
1998-01-01T00:00:00Z,0,Cassins auklet encounter rate (Ce/So CC) North
1999-01-01T00:00:00Z,0,Cassins auklet encounter rate (Ce/So CC) North
2000-01-01T00:00:00Z,0.008,Cassins auklet encounter rate (Ce/So CC) North
2001-01-01T00:00:00Z,0.016,Cassins auklet encounter rate (Ce/So CC) North
2002-01-01T00:00:00Z,0,Cassins auklet encounter rate (Ce/So CC) North
2003-01-01T00:00:00Z,0.012,Cassins auklet encounter rate (Ce/So CC) North
2004-01-01T00:00:00Z,0.505,Cassins auklet encounter rate (Ce/So CC) North
2005-01-01T00:00:00Z,0.038,Cassins auklet encounter rate (Ce/So CC) North
2006-01-01T00:00:00Z,0.014,Cassins auklet encounter rate (Ce/So CC) North
2007-01-01T00:00:00Z,0.006,Cassins auklet encounter rate (Ce/So CC) North
2008-01-01T00:00:00Z,0.024,Cassins auklet encounter rate (Ce/So CC) North
2009-01-01T00:00:00Z,0.038,Cassins auklet encounter rate (Ce/So CC) North
2010-01-01T00:00:00Z,0.014,Cassins auklet encounter rate (Ce/So CC) North
2011-01-01T00:00:00Z,0.03,Cassins auklet encounter rate (Ce/So CC) North
2012-01-01T00:00:00Z,0.025,Cassins auklet encounter rate (Ce/So CC) North
2013-01-01T00:00:00Z,0.007,Cassins auklet encounter rate (Ce/So CC) North
2014-01-01T00:00:00Z,4.021,Cassins auklet encounter rate (Ce/So CC) North
2015-01-01T00:00:00Z,0.082,Cassins auklet encounter rate (Ce/So CC) North
2016-01-01T00:00:00Z,0,Cassins auklet encounter rate (Ce/So CC) North
2017-01-01T00:00:00Z,0.013,Cassins auklet encounter rate (Ce/So CC) North
2018-01-01T00:00:00Z,0.304,Cassins auklet encounter rate (Ce/So CC) North
1997-01-01T00:00:00Z,1.454,Common murre encounter rate(Ce/So CC) North
1998-01-01T00:00:00Z,9.095,Common murre encounter rate(Ce/So CC) North
1999-01-01T00:00:00Z,1.612,Common murre encounter rate(Ce/So CC) North
2000-01-01T00:00:00Z,3.002,Common murre encounter rate(Ce/So CC) North
2001-01-01T00:00:00Z,1.705,Common murre encounter rate(Ce/So CC) North
2002-01-01T00:00:00Z,2.856,Common murre encounter rate(Ce/So CC) North
2003-01-01T00:00:00Z,3.045,Common murre encounter rate(Ce/So CC) North
2004-01-01T00:00:00Z,2.439,Common murre encounter rate(Ce/So CC) North
2005-01-01T00:00:00Z,2.945,Common murre encounter rate(Ce/So CC) North
2006-01-01T00:00:00Z,7.257,Common murre encounter rate(Ce/So CC) North
2007-01-01T00:00:00Z,10.42,Common murre encounter rate(Ce/So CC) North
2008-01-01T00:00:00Z,11.211,Common murre encounter rate(Ce/So CC) North
2009-01-01T00:00:00Z,3.995,Common murre encounter rate(Ce/So CC) North
2010-01-01T00:00:00Z,0.981,Common murre encounter rate(Ce/So CC) North
2011-01-01T00:00:00Z,4.644,Common murre encounter rate(Ce/So CC) North
2012-01-01T00:00:00Z,3.048,Common murre encounter rate(Ce/So CC) North
2013-01-01T00:00:00Z,1.271,Common murre encounter rate(Ce/So CC) North
2014-01-01T00:00:00Z,3.143,Common murre encounter rate(Ce/So CC) North
2015-01-01T00:00:00Z,31.652,Common murre encounter rate(Ce/So CC) North
2016-01-01T00:00:00Z,1.445,Common murre encounter rate(Ce/So CC) North
2017-01-01T00:00:00Z,3.964,Common murre encounter rate(Ce/So CC) North
2018-01-01T00:00:00Z,4.158,Common murre encounter rate(Ce/So CC) North
1997-01-01T00:00:00Z,1.829,Sooty shearwater encounter rate (Ce/So CC) North
1998-01-01T00:00:00Z,6.362,Sooty shearwater encounter rate (Ce/So CC) North
1999-01-01T00:00:00Z,0.904,Sooty shearwater encounter rate (Ce/So CC) North
2000-01-01T00:00:00Z,3.186,Sooty shearwater encounter rate (Ce/So CC) North
2001-01-01T00:00:00Z,1.283,Sooty shearwater encounter rate (Ce/So CC) North
2002-01-01T00:00:00Z,0.963,Sooty shearwater encounter rate (Ce/So CC) North
2003-01-01T00:00:00Z,0.515,Sooty shearwater encounter rate (Ce/So CC) North
2004-01-01T00:00:00Z,0.619,Sooty shearwater encounter rate (Ce/So CC) North
2005-01-01T00:00:00Z,0.691,Sooty shearwater encounter rate (Ce/So CC) North
2006-01-01T00:00:00Z,0.87,Sooty shearwater encounter rate (Ce/So CC) North
2007-01-01T00:00:00Z,0.652,Sooty shearwater encounter rate (Ce/So CC) North
2008-01-01T00:00:00Z,0.553,Sooty shearwater encounter rate (Ce/So CC) North
2009-01-01T00:00:00Z,1.528,Sooty shearwater encounter rate (Ce/So CC) North
2010-01-01T00:00:00Z,0.569,Sooty shearwater encounter rate (Ce/So CC) North
2011-01-01T00:00:00Z,3.478,Sooty shearwater encounter rate (Ce/So CC) North
2012-01-01T00:00:00Z,1.899,Sooty shearwater encounter rate (Ce/So CC) North
2013-01-01T00:00:00Z,1.501,Sooty shearwater encounter rate (Ce/So CC) North
2014-01-01T00:00:00Z,1.117,Sooty shearwater encounter rate (Ce/So CC) North
2015-01-01T00:00:00Z,1.238,Sooty shearwater encounter rate (Ce/So CC) North
2016-01-01T00:00:00Z,0.188,Sooty shearwater encounter rate (Ce/So CC) North
2017-01-01T00:00:00Z,1.054,Sooty shearwater encounter rate (Ce/So CC) North
2018-01-01T00:00:00Z,0.78,Sooty shearwater encounter rate (Ce/So CC) North
1997-01-01T00:00:00Z,1.237,Northern fulmar encounter rate (Ce/So CC) North
1998-01-01T00:00:00Z,0.332,Northern fulmar encounter rate (Ce/So CC) North
1999-01-01T00:00:00Z,0.501,Northern fulmar encounter rate (Ce/So CC) North
2000-01-01T00:00:00Z,1.574,Northern fulmar encounter rate (Ce/So CC) North
2001-01-01T00:00:00Z,0.3,Northern fulmar encounter rate (Ce/So CC) North
2002-01-01T00:00:00Z,0.609,Northern fulmar encounter rate (Ce/So CC) North
2003-01-01T00:00:00Z,11.695,Northern fulmar encounter rate (Ce/So CC) North
2004-01-01T00:00:00Z,0.98,Northern fulmar encounter rate (Ce/So CC) North
2005-01-01T00:00:00Z,1.633,Northern fulmar encounter rate (Ce/So CC) North
2006-01-01T00:00:00Z,0.343,Northern fulmar encounter rate (Ce/So CC) North
2007-01-01T00:00:00Z,3.785,Northern fulmar encounter rate (Ce/So CC) North
2008-01-01T00:00:00Z,0.285,Northern fulmar encounter rate (Ce/So CC) North
2009-01-01T00:00:00Z,2.772,Northern fulmar encounter rate (Ce/So CC) North
2010-01-01T00:00:00Z,12.892,Northern fulmar encounter rate (Ce/So CC) North
2011-01-01T00:00:00Z,1.163,Northern fulmar encounter rate (Ce/So CC) North
2012-01-01T00:00:00Z,2.102,Northern fulmar encounter rate (Ce/So CC) North
2013-01-01T00:00:00Z,7.175,Northern fulmar encounter rate (Ce/So CC) North
2014-01-01T00:00:00Z,0.745,Northern fulmar encounter rate (Ce/So CC) North
2015-01-01T00:00:00Z,2.006,Northern fulmar encounter rate (Ce/So CC) North
2016-01-01T00:00:00Z,0.332,Northern fulmar encounter rate (Ce/So CC) North
2017-01-01T00:00:00Z,0.187,Northern fulmar encounter rate (Ce/So CC) North
2018-01-01T00:00:00Z,1.732,Northern fulmar encounter rate (Ce/So CC) North
1997-01-01T00:00:00Z,0.81,Brandts cormorant encounter rate (Ce/So CC) North
1998-01-01T00:00:00Z,0.825,Brandts cormorant encounter rate (Ce/So CC) North
1999-01-01T00:00:00Z,0.249,Brandts cormorant encounter rate (Ce/So CC) North
2000-01-01T00:00:00Z,0.806,Brandts cormorant encounter rate (Ce/So CC) North
2001-01-01T00:00:00Z,1.125,Brandts cormorant encounter rate (Ce/So CC) North
2002-01-01T00:00:00Z,1.317,Brandts cormorant encounter rate (Ce/So CC) North
2003-01-01T00:00:00Z,0.793,Brandts cormorant encounter rate (Ce/So CC) North
2004-01-01T00:00:00Z,1.248,Brandts cormorant encounter rate (Ce/So CC) North
2005-01-01T00:00:00Z,5.346,Brandts cormorant encounter rate (Ce/So CC) North
2006-01-01T00:00:00Z,1.651,Brandts cormorant encounter rate (Ce/So CC) North
2007-01-01T00:00:00Z,7.482,Brandts cormorant encounter rate (Ce/So CC) North
2008-01-01T00:00:00Z,2.823,Brandts cormorant encounter rate (Ce/So CC) North
2009-01-01T00:00:00Z,11.297,Brandts cormorant encounter rate (Ce/So CC) North
2010-01-01T00:00:00Z,1.273,Brandts cormorant encounter rate (Ce/So CC) North
2011-01-01T00:00:00Z,4.558,Brandts cormorant encounter rate (Ce/So CC) North
2012-01-01T00:00:00Z,1.631,Brandts cormorant encounter rate (Ce/So CC) North
2013-01-01T00:00:00Z,0.561,Brandts cormorant encounter rate (Ce/So CC) North
2014-01-01T00:00:00Z,3.462,Brandts cormorant encounter rate (Ce/So CC) North
2015-01-01T00:00:00Z,5.252,Brandts cormorant encounter rate (Ce/So CC) North
2016-01-01T00:00:00Z,3.487,Brandts cormorant encounter rate (Ce/So CC) North
2017-01-01T00:00:00Z,1.236,Brandts cormorant encounter rate (Ce/So CC) North
2018-01-01T00:00:00Z,1.359,Brandts cormorant encounter rate (Ce/So CC) North
1997-01-01T00:00:00Z,NA,Cassins auklet encounter rate (Ce/So CC) South
1998-01-01T00:00:00Z,NA,Cassins auklet encounter rate (Ce/So CC) South
1999-01-01T00:00:00Z,NA,Cassins auklet encounter rate (Ce/So CC) South
2000-01-01T00:00:00Z,NA,Cassins auklet encounter rate (Ce/So CC) South
2001-01-01T00:00:00Z,NA,Cassins auklet encounter rate (Ce/So CC) South
2002-01-01T00:00:00Z,NA,Cassins auklet encounter rate (Ce/So CC) South
2003-01-01T00:00:00Z,NA,Cassins auklet encounter rate (Ce/So CC) South
2004-01-01T00:00:00Z,NA,Cassins auklet encounter rate (Ce/So CC) South
2005-01-01T00:00:00Z,NA,Cassins auklet encounter rate (Ce/So CC) South
2006-01-01T00:00:00Z,NA,Cassins auklet encounter rate (Ce/So CC) South
2007-01-01T00:00:00Z,NA,Cassins auklet encounter rate (Ce/So CC) South
2008-01-01T00:00:00Z,NA,Cassins auklet encounter rate (Ce/So CC) South
2009-01-01T00:00:00Z,NA,Cassins auklet encounter rate (Ce/So CC) South
2010-01-01T00:00:00Z,NA,Cassins auklet encounter rate (Ce/So CC) South
2011-01-01T00:00:00Z,NA,Cassins auklet encounter rate (Ce/So CC) South
2012-01-01T00:00:00Z,NA,Cassins auklet encounter rate (Ce/So CC) South
2013-01-01T00:00:00Z,0,Cassins auklet encounter rate (Ce/So CC) South
2014-01-01T00:00:00Z,0.059,Cassins auklet encounter rate (Ce/So CC) South
2015-01-01T00:00:00Z,0.055,Cassins auklet encounter rate (Ce/So CC) South
2016-01-01T00:00:00Z,0,Cassins auklet encounter rate (Ce/So CC) South
2017-01-01T00:00:00Z,0,Cassins auklet encounter rate (Ce/So CC) South
1997-01-01T00:00:00Z,NA,Common murre encounter rate(Ce/So CC) South
1998-01-01T00:00:00Z,NA,Common murre encounter rate(Ce/So CC) South
1999-01-01T00:00:00Z,NA,Common murre encounter rate(Ce/So CC) South
2000-01-01T00:00:00Z,NA,Common murre encounter rate(Ce/So CC) South
2001-01-01T00:00:00Z,NA,Common murre encounter rate(Ce/So CC) South
2002-01-01T00:00:00Z,NA,Common murre encounter rate(Ce/So CC) South
2003-01-01T00:00:00Z,NA,Common murre encounter rate(Ce/So CC) South
2004-01-01T00:00:00Z,NA,Common murre encounter rate(Ce/So CC) South
2005-01-01T00:00:00Z,NA,Common murre encounter rate(Ce/So CC) South
2006-01-01T00:00:00Z,NA,Common murre encounter rate(Ce/So CC) South
2007-01-01T00:00:00Z,NA,Common murre encounter rate(Ce/So CC) South
2008-01-01T00:00:00Z,NA,Common murre encounter rate(Ce/So CC) South
2009-01-01T00:00:00Z,NA,Common murre encounter rate(Ce/So CC) South
2010-01-01T00:00:00Z,NA,Common murre encounter rate(Ce/So CC) South
2011-01-01T00:00:00Z,NA,Common murre encounter rate(Ce/So CC) South
2012-01-01T00:00:00Z,NA,Common murre encounter rate(Ce/So CC) South
2013-01-01T00:00:00Z,0,Common murre encounter rate(Ce/So CC) South
2014-01-01T00:00:00Z,0.447,Common murre encounter rate(Ce/So CC) South
2015-01-01T00:00:00Z,0.984,Common murre encounter rate(Ce/So CC) South
2016-01-01T00:00:00Z,0.193,Common murre encounter rate(Ce/So CC) South
2017-01-01T00:00:00Z,0.162,Common murre encounter rate(Ce/So CC) South
1997-01-01T00:00:00Z,NA,Sooty shearwater encounter rate (Ce/So CC) South
1998-01-01T00:00:00Z,NA,Sooty shearwater encounter rate (Ce/So CC) South
1999-01-01T00:00:00Z,NA,Sooty shearwater encounter rate (Ce/So CC) South
2000-01-01T00:00:00Z,NA,Sooty shearwater encounter rate (Ce/So CC) South
2001-01-01T00:00:00Z,NA,Sooty shearwater encounter rate (Ce/So CC) South
2002-01-01T00:00:00Z,NA,Sooty shearwater encounter rate (Ce/So CC) South
2003-01-01T00:00:00Z,NA,Sooty shearwater encounter rate (Ce/So CC) South
2004-01-01T00:00:00Z,NA,Sooty shearwater encounter rate (Ce/So CC) South
2005-01-01T00:00:00Z,NA,Sooty shearwater encounter rate (Ce/So CC) South
2006-01-01T00:00:00Z,NA,Sooty shearwater encounter rate (Ce/So CC) South
2007-01-01T00:00:00Z,NA,Sooty shearwater encounter rate (Ce/So CC) South
2008-01-01T00:00:00Z,NA,Sooty shearwater encounter rate (Ce/So CC) South
2009-01-01T00:00:00Z,NA,Sooty shearwater encounter rate (Ce/So CC) South
2010-01-01T00:00:00Z,NA,Sooty shearwater encounter rate (Ce/So CC) South
2011-01-01T00:00:00Z,NA,Sooty shearwater encounter rate (Ce/So CC) South
2012-01-01T00:00:00Z,NA,Sooty shearwater encounter rate (Ce/So CC) South
2013-01-01T00:00:00Z,1.019,Sooty shearwater encounter rate (Ce/So CC) South
2014-01-01T00:00:00Z,0.263,Sooty shearwater encounter rate (Ce/So CC) South
2015-01-01T00:00:00Z,0.125,Sooty shearwater encounter rate (Ce/So CC) South
2016-01-01T00:00:00Z,0.089,Sooty shearwater encounter rate (Ce/So CC) South
2017-01-01T00:00:00Z,0.455,Sooty shearwater encounter rate (Ce/So CC) South
1997-01-01T00:00:00Z,NA,Northern fulmar encounter rate (Ce/So CC) South
1998-01-01T00:00:00Z,NA,Northern fulmar encounter rate (Ce/So CC) South
1999-01-01T00:00:00Z,NA,Northern fulmar encounter rate (Ce/So CC) South
2000-01-01T00:00:00Z,NA,Northern fulmar encounter rate (Ce/So CC) South
2001-01-01T00:00:00Z,NA,Northern fulmar encounter rate (Ce/So CC) South
2002-01-01T00:00:00Z,NA,Northern fulmar encounter rate (Ce/So CC) South
2003-01-01T00:00:00Z,NA,Northern fulmar encounter rate (Ce/So CC) South
2004-01-01T00:00:00Z,NA,Northern fulmar encounter rate (Ce/So CC) South
2005-01-01T00:00:00Z,NA,Northern fulmar encounter rate (Ce/So CC) South
2006-01-01T00:00:00Z,NA,Northern fulmar encounter rate (Ce/So CC) South
2007-01-01T00:00:00Z,NA,Northern fulmar encounter rate (Ce/So CC) South
2008-01-01T00:00:00Z,NA,Northern fulmar encounter rate (Ce/So CC) South
2009-01-01T00:00:00Z,NA,Northern fulmar encounter rate (Ce/So CC) South
2010-01-01T00:00:00Z,NA,Northern fulmar encounter rate (Ce/So CC) South
2011-01-01T00:00:00Z,NA,Northern fulmar encounter rate (Ce/So CC) South
2012-01-01T00:00:00Z,NA,Northern fulmar encounter rate (Ce/So CC) South
2013-01-01T00:00:00Z,0.833,Northern fulmar encounter rate (Ce/So CC) South
2014-01-01T00:00:00Z,0.045,Northern fulmar encounter rate (Ce/So CC) South
2015-01-01T00:00:00Z,0.132,Northern fulmar encounter rate (Ce/So CC) South
2016-01-01T00:00:00Z,0.065,Northern fulmar encounter rate (Ce/So CC) South
2017-01-01T00:00:00Z,0,Northern fulmar encounter rate (Ce/So CC) South
1997-01-01T00:00:00Z,NA,Brandts cormorant encounter rate (Ce/So CC) South
1998-01-01T00:00:00Z,NA,Brandts cormorant encounter rate (Ce/So CC) South
1999-01-01T00:00:00Z,NA,Brandts cormorant encounter rate (Ce/So CC) South
2000-01-01T00:00:00Z,NA,Brandts cormorant encounter rate (Ce/So CC) South
2001-01-01T00:00:00Z,NA,Brandts cormorant encounter rate (Ce/So CC) South
2002-01-01T00:00:00Z,NA,Brandts cormorant encounter rate (Ce/So CC) South
2003-01-01T00:00:00Z,NA,Brandts cormorant encounter rate (Ce/So CC) South
2004-01-01T00:00:00Z,NA,Brandts cormorant encounter rate (Ce/So CC) South
2005-01-01T00:00:00Z,NA,Brandts cormorant encounter rate (Ce/So CC) South
2006-01-01T00:00:00Z,NA,Brandts cormorant encounter rate (Ce/So CC) South
2007-01-01T00:00:00Z,NA,Brandts cormorant encounter rate (Ce/So CC) South
2008-01-01T00:00:00Z,NA,Brandts cormorant encounter rate (Ce/So CC) South
2009-01-01T00:00:00Z,NA,Brandts cormorant encounter rate (Ce/So CC) South
2010-01-01T00:00:00Z,NA,Brandts cormorant encounter rate (Ce/So CC) South
2011-01-01T00:00:00Z,NA,Brandts cormorant encounter rate (Ce/So CC) South
2012-01-01T00:00:00Z,NA,Brandts cormorant encounter rate (Ce/So CC) South
2013-01-01T00:00:00Z,1.457,Brandts cormorant encounter rate (Ce/So CC) South
2014-01-01T00:00:00Z,7.219,Brandts cormorant encounter rate (Ce/So CC) South
2015-01-01T00:00:00Z,1.037,Brandts cormorant encounter rate (Ce/So CC) South
2016-01-01T00:00:00Z,1.359,Brandts cormorant encounter rate (Ce/So CC) South
2017-01-01T00:00:00Z,1.507,Brandts cormorant encounter rate (Ce/So CC) South
2001-01-01T00:00:00Z,0.01,Cassins auklet (No CC Oct - Feb)
2002-01-01T00:00:00Z,0.05,Cassins auklet (No CC Oct - Feb)
2003-01-01T00:00:00Z,0.09,Cassins auklet (No CC Oct - Feb)
2004-01-01T00:00:00Z,0.06,Cassins auklet (No CC Oct - Feb)
2005-01-01T00:00:00Z,0.32,Cassins auklet (No CC Oct - Feb)
2006-01-01T00:00:00Z,0.13,Cassins auklet (No CC Oct - Feb)
2007-01-01T00:00:00Z,0.01,Cassins auklet (No CC Oct - Feb)
2008-01-01T00:00:00Z,0.02,Cassins auklet (No CC Oct - Feb)
2009-01-01T00:00:00Z,0,Cassins auklet (No CC Oct - Feb)
2010-01-01T00:00:00Z,0.03,Cassins auklet (No CC Oct - Feb)
2011-01-01T00:00:00Z,0.04,Cassins auklet (No CC Oct - Feb)
2012-01-01T00:00:00Z,0.05,Cassins auklet (No CC Oct - Feb)
2013-01-01T00:00:00Z,0.03,Cassins auklet (No CC Oct - Feb)
2014-01-01T00:00:00Z,6.24,Cassins auklet (No CC Oct - Feb)
2015-01-01T00:00:00Z,0.3,Cassins auklet (No CC Oct - Feb)
2016-01-01T00:00:00Z,0.03,Cassins auklet (No CC Oct - Feb)
2017-01-01T00:00:00Z,0.11,Cassins auklet (No CC Oct - Feb)
2018-01-01T00:00:00Z,0.17,Cassins auklet (No CC Oct - Feb)
2001-01-01T00:00:00Z,0.33,Common murre (No CC Jun - Dec)
2002-01-01T00:00:00Z,0.66,Common murre (No CC Jun - Dec)
2003-01-01T00:00:00Z,1.03,Common murre (No CC Jun - Dec)
2004-01-01T00:00:00Z,1.74,Common murre (No CC Jun - Dec)
2005-01-01T00:00:00Z,1.11,Common murre (No CC Jun - Dec)
2006-01-01T00:00:00Z,0.55,Common murre (No CC Jun - Dec)
2007-01-01T00:00:00Z,1.47,Common murre (No CC Jun - Dec)
2008-01-01T00:00:00Z,0.83,Common murre (No CC Jun - Dec)
2009-01-01T00:00:00Z,1.59,Common murre (No CC Jun - Dec)
2010-01-01T00:00:00Z,0.47,Common murre (No CC Jun - Dec)
2011-01-01T00:00:00Z,1.32,Common murre (No CC Jun - Dec)
2012-01-01T00:00:00Z,1.75,Common murre (No CC Jun - Dec)
2013-01-01T00:00:00Z,1.21,Common murre (No CC Jun - Dec)
2014-01-01T00:00:00Z,1.11,Common murre (No CC Jun - Dec)
2015-01-01T00:00:00Z,2.77,Common murre (No CC Jun - Dec)
2016-01-01T00:00:00Z,0.69,Common murre (No CC Jun - Dec)
2017-01-01T00:00:00Z,1.18,Common murre (No CC Jun - Dec)
2018-01-01T00:00:00Z,0.74,Common murre (No CC Jun - Dec)
2019-01-01T00:00:00Z,1.05,Common murre (No CC Jun - Dec)
2001-01-01T00:00:00Z,0.16,Sooty shearwater (No CC May - Oct)
2002-01-01T00:00:00Z,0.09,Sooty shearwater (No CC May - Oct)
2003-01-01T00:00:00Z,0.05,Sooty shearwater (No CC May - Oct)
2004-01-01T00:00:00Z,0.07,Sooty shearwater (No CC May - Oct)
2005-01-01T00:00:00Z,0.06,Sooty shearwater (No CC May - Oct)
2006-01-01T00:00:00Z,0.06,Sooty shearwater (No CC May - Oct)
2007-01-01T00:00:00Z,0.04,Sooty shearwater (No CC May - Oct)
2008-01-01T00:00:00Z,0.03,Sooty shearwater (No CC May - Oct)
2009-01-01T00:00:00Z,0.08,Sooty shearwater (No CC May - Oct)
2010-01-01T00:00:00Z,0.05,Sooty shearwater (No CC May - Oct)
2011-01-01T00:00:00Z,0.31,Sooty shearwater (No CC May - Oct)
2012-01-01T00:00:00Z,0.34,Sooty shearwater (No CC May - Oct)
2013-01-01T00:00:00Z,0.2,Sooty shearwater (No CC May - Oct)
2014-01-01T00:00:00Z,0.06,Sooty shearwater (No CC May - Oct)
2015-01-01T00:00:00Z,0.09,Sooty shearwater (No CC May - Oct)
2016-01-01T00:00:00Z,0.03,Sooty shearwater (No CC May - Oct)
2017-01-01T00:00:00Z,0.05,Sooty shearwater (No CC May - Oct)
2018-01-01T00:00:00Z,0.03,Sooty shearwater (No CC May - Oct)
2019-01-01T00:00:00Z,0.04,Sooty shearwater (No CC May - Oct)
2001-01-01T00:00:00Z,0.12,Northern fulmar (No CC Oct - Feb)
2002-01-01T00:00:00Z,1.05,Northern fulmar (No CC Oct - Feb)
2003-01-01T00:00:00Z,5.54,Northern fulmar (No CC Oct - Feb)
2004-01-01T00:00:00Z,0.35,Northern fulmar (No CC Oct - Feb)
2005-01-01T00:00:00Z,0.65,Northern fulmar (No CC Oct - Feb)
2006-01-01T00:00:00Z,0.17,Northern fulmar (No CC Oct - Feb)
2007-01-01T00:00:00Z,1.27,Northern fulmar (No CC Oct - Feb)
2008-01-01T00:00:00Z,0.12,Northern fulmar (No CC Oct - Feb)
2009-01-01T00:00:00Z,1.4,Northern fulmar (No CC Oct - Feb)
2010-01-01T00:00:00Z,1.79,Northern fulmar (No CC Oct - Feb)
2011-01-01T00:00:00Z,0.2,Northern fulmar (No CC Oct - Feb)
2012-01-01T00:00:00Z,0.46,Northern fulmar (No CC Oct - Feb)
2013-01-01T00:00:00Z,0.37,Northern fulmar (No CC Oct - Feb)
2014-01-01T00:00:00Z,0.73,Northern fulmar (No CC Oct - Feb)
2015-01-01T00:00:00Z,0.23,Northern fulmar (No CC Oct - Feb)
2016-01-01T00:00:00Z,0.6,Northern fulmar (No CC Oct - Feb)
2017-01-01T00:00:00Z,0.23,Northern fulmar (No CC Oct - Feb)
2018-01-01T00:00:00Z,0.01,Northern fulmar (No CC Oct - Feb)
