time,percent_diet,diet_species_cohort
1973-01-01T00:00:00Z,0.71,Anchovy/sardine (Ce CC SEFI Common murre)
1974-01-01T00:00:00Z,0.11,Anchovy/sardine (Ce CC SEFI Common murre)
1975-01-01T00:00:00Z,0.06,Anchovy/sardine (Ce CC SEFI Common murre)
1976-01-01T00:00:00Z,0.26,Anchovy/sardine (Ce CC SEFI Common murre)
1977-01-01T00:00:00Z,0.04,Anchovy/sardine (Ce CC SEFI Common murre)
1978-01-01T00:00:00Z,0.43,Anchovy/sardine (Ce CC SEFI Common murre)
1979-01-01T00:00:00Z,0.01,Anchovy/sardine (Ce CC SEFI Common murre)
1980-01-01T00:00:00Z,0.2,Anchovy/sardine (Ce CC SEFI Common murre)
1981-01-01T00:00:00Z,0.15,Anchovy/sardine (Ce CC SEFI Common murre)
1982-01-01T00:00:00Z,0.26,Anchovy/sardine (Ce CC SEFI Common murre)
1983-01-01T00:00:00Z,0.63,Anchovy/sardine (Ce CC SEFI Common murre)
1984-01-01T00:00:00Z,0.25,Anchovy/sardine (Ce CC SEFI Common murre)
1985-01-01T00:00:00Z,0.19,Anchovy/sardine (Ce CC SEFI Common murre)
1986-01-01T00:00:00Z,0.56,Anchovy/sardine (Ce CC SEFI Common murre)
1987-01-01T00:00:00Z,0.08,Anchovy/sardine (Ce CC SEFI Common murre)
1988-01-01T00:00:00Z,0.14,Anchovy/sardine (Ce CC SEFI Common murre)
1989-01-01T00:00:00Z,0.43,Anchovy/sardine (Ce CC SEFI Common murre)
1990-01-01T00:00:00Z,0.47,Anchovy/sardine (Ce CC SEFI Common murre)
1991-01-01T00:00:00Z,0.36,Anchovy/sardine (Ce CC SEFI Common murre)
1992-01-01T00:00:00Z,0.66,Anchovy/sardine (Ce CC SEFI Common murre)
1993-01-01T00:00:00Z,0.63,Anchovy/sardine (Ce CC SEFI Common murre)
1994-01-01T00:00:00Z,0.81,Anchovy/sardine (Ce CC SEFI Common murre)
1995-01-01T00:00:00Z,0.76,Anchovy/sardine (Ce CC SEFI Common murre)
1996-01-01T00:00:00Z,0.76,Anchovy/sardine (Ce CC SEFI Common murre)
1997-01-01T00:00:00Z,0.73,Anchovy/sardine (Ce CC SEFI Common murre)
1998-01-01T00:00:00Z,0.884,Anchovy/sardine (Ce CC SEFI Common murre)
1999-01-01T00:00:00Z,0.743,Anchovy/sardine (Ce CC SEFI Common murre)
2000-01-01T00:00:00Z,0.66,Anchovy/sardine (Ce CC SEFI Common murre)
2001-01-01T00:00:00Z,0.29,Anchovy/sardine (Ce CC SEFI Common murre)
2002-01-01T00:00:00Z,0.16,Anchovy/sardine (Ce CC SEFI Common murre)
2003-01-01T00:00:00Z,0.3,Anchovy/sardine (Ce CC SEFI Common murre)
2004-01-01T00:00:00Z,0.6,Anchovy/sardine (Ce CC SEFI Common murre)
2005-01-01T00:00:00Z,0.766,Anchovy/sardine (Ce CC SEFI Common murre)
2006-01-01T00:00:00Z,0.833,Anchovy/sardine (Ce CC SEFI Common murre)
2007-01-01T00:00:00Z,0.863,Anchovy/sardine (Ce CC SEFI Common murre)
2008-01-01T00:00:00Z,0.567,Anchovy/sardine (Ce CC SEFI Common murre)
2009-01-01T00:00:00Z,0.047,Anchovy/sardine (Ce CC SEFI Common murre)
2010-01-01T00:00:00Z,0.034,Anchovy/sardine (Ce CC SEFI Common murre)
2011-01-01T00:00:00Z,0.205,Anchovy/sardine (Ce CC SEFI Common murre)
2012-01-01T00:00:00Z,0.081,Anchovy/sardine (Ce CC SEFI Common murre)
2013-01-01T00:00:00Z,0.019,Anchovy/sardine (Ce CC SEFI Common murre)
2014-01-01T00:00:00Z,0.031,Anchovy/sardine (Ce CC SEFI Common murre)
2015-01-01T00:00:00Z,0.327,Anchovy/sardine (Ce CC SEFI Common murre)
2016-01-01T00:00:00Z,0.531,Anchovy/sardine (Ce CC SEFI Common murre)
2017-01-01T00:00:00Z,0.345,Anchovy/sardine (Ce CC SEFI Common murre)
2018-01-01T00:00:00Z,0.715,Anchovy/sardine (Ce CC SEFI Common murre)
2019-01-01T00:00:00Z,0.867,Anchovy/sardine (Ce CC SEFI Common murre)
1973-01-01T00:00:00Z,0.18,Rockfish juveniles (Ce CC SEFI Common murre)
1974-01-01T00:00:00Z,0.82,Rockfish juveniles (Ce CC SEFI Common murre)
1975-01-01T00:00:00Z,0.91,Rockfish juveniles (Ce CC SEFI Common murre)
1976-01-01T00:00:00Z,0.35,Rockfish juveniles (Ce CC SEFI Common murre)
1977-01-01T00:00:00Z,0.94,Rockfish juveniles (Ce CC SEFI Common murre)
1978-01-01T00:00:00Z,0.25,Rockfish juveniles (Ce CC SEFI Common murre)
1979-01-01T00:00:00Z,0.97,Rockfish juveniles (Ce CC SEFI Common murre)
1980-01-01T00:00:00Z,0.72,Rockfish juveniles (Ce CC SEFI Common murre)
1981-01-01T00:00:00Z,0.8,Rockfish juveniles (Ce CC SEFI Common murre)
1982-01-01T00:00:00Z,0.67,Rockfish juveniles (Ce CC SEFI Common murre)
1983-01-01T00:00:00Z,0.18,Rockfish juveniles (Ce CC SEFI Common murre)
1984-01-01T00:00:00Z,0.69,Rockfish juveniles (Ce CC SEFI Common murre)
1985-01-01T00:00:00Z,0.74,Rockfish juveniles (Ce CC SEFI Common murre)
1986-01-01T00:00:00Z,0.38,Rockfish juveniles (Ce CC SEFI Common murre)
1987-01-01T00:00:00Z,0.89,Rockfish juveniles (Ce CC SEFI Common murre)
1988-01-01T00:00:00Z,0.82,Rockfish juveniles (Ce CC SEFI Common murre)
1989-01-01T00:00:00Z,0.47,Rockfish juveniles (Ce CC SEFI Common murre)
1990-01-01T00:00:00Z,0.24,Rockfish juveniles (Ce CC SEFI Common murre)
1991-01-01T00:00:00Z,0.41,Rockfish juveniles (Ce CC SEFI Common murre)
1992-01-01T00:00:00Z,0.09,Rockfish juveniles (Ce CC SEFI Common murre)
1993-01-01T00:00:00Z,0.31,Rockfish juveniles (Ce CC SEFI Common murre)
1994-01-01T00:00:00Z,0.13,Rockfish juveniles (Ce CC SEFI Common murre)
1995-01-01T00:00:00Z,0.15,Rockfish juveniles (Ce CC SEFI Common murre)
1996-01-01T00:00:00Z,0.09,Rockfish juveniles (Ce CC SEFI Common murre)
1997-01-01T00:00:00Z,0.17,Rockfish juveniles (Ce CC SEFI Common murre)
1998-01-01T00:00:00Z,0.012,Rockfish juveniles (Ce CC SEFI Common murre)
1999-01-01T00:00:00Z,0.065,Rockfish juveniles (Ce CC SEFI Common murre)
2000-01-01T00:00:00Z,0.03,Rockfish juveniles (Ce CC SEFI Common murre)
2001-01-01T00:00:00Z,0.49,Rockfish juveniles (Ce CC SEFI Common murre)
2002-01-01T00:00:00Z,0.74,Rockfish juveniles (Ce CC SEFI Common murre)
2003-01-01T00:00:00Z,0.499,Rockfish juveniles (Ce CC SEFI Common murre)
2004-01-01T00:00:00Z,0.27,Rockfish juveniles (Ce CC SEFI Common murre)
2005-01-01T00:00:00Z,0.019,Rockfish juveniles (Ce CC SEFI Common murre)
2006-01-01T00:00:00Z,0.012,Rockfish juveniles (Ce CC SEFI Common murre)
2007-01-01T00:00:00Z,0.054,Rockfish juveniles (Ce CC SEFI Common murre)
2008-01-01T00:00:00Z,0.251,Rockfish juveniles (Ce CC SEFI Common murre)
2009-01-01T00:00:00Z,0.721,Rockfish juveniles (Ce CC SEFI Common murre)
2010-01-01T00:00:00Z,0.845,Rockfish juveniles (Ce CC SEFI Common murre)
2011-01-01T00:00:00Z,0.424,Rockfish juveniles (Ce CC SEFI Common murre)
2012-01-01T00:00:00Z,0.46,Rockfish juveniles (Ce CC SEFI Common murre)
2013-01-01T00:00:00Z,0.854,Rockfish juveniles (Ce CC SEFI Common murre)
2014-01-01T00:00:00Z,0.891,Rockfish juveniles (Ce CC SEFI Common murre)
2015-01-01T00:00:00Z,0.506,Rockfish juveniles (Ce CC SEFI Common murre)
2016-01-01T00:00:00Z,0.388,Rockfish juveniles (Ce CC SEFI Common murre)
2017-01-01T00:00:00Z,0.612,Rockfish juveniles (Ce CC SEFI Common murre)
2018-01-01T00:00:00Z,0.214,Rockfish juveniles (Ce CC SEFI Common murre)
2019-01-01T00:00:00Z,0.038,Rockfish juveniles (Ce CC SEFI Common murre)
1973-01-01T00:00:00Z,0,Salmon juveniles (Ce CC Common murre)
1974-01-01T00:00:00Z,0,Salmon juveniles (Ce CC Common murre)
1975-01-01T00:00:00Z,0,Salmon juveniles (Ce CC Common murre)
1976-01-01T00:00:00Z,0,Salmon juveniles (Ce CC Common murre)
1977-01-01T00:00:00Z,0,Salmon juveniles (Ce CC Common murre)
1978-01-01T00:00:00Z,0.02,Salmon juveniles (Ce CC Common murre)
1979-01-01T00:00:00Z,0,Salmon juveniles (Ce CC Common murre)
1980-01-01T00:00:00Z,0.01,Salmon juveniles (Ce CC Common murre)
1981-01-01T00:00:00Z,0,Salmon juveniles (Ce CC Common murre)
1982-01-01T00:00:00Z,0.01,Salmon juveniles (Ce CC Common murre)
1983-01-01T00:00:00Z,0.04,Salmon juveniles (Ce CC Common murre)
1984-01-01T00:00:00Z,0.02,Salmon juveniles (Ce CC Common murre)
1985-01-01T00:00:00Z,0,Salmon juveniles (Ce CC Common murre)
1986-01-01T00:00:00Z,0.01,Salmon juveniles (Ce CC Common murre)
1987-01-01T00:00:00Z,0,Salmon juveniles (Ce CC Common murre)
1988-01-01T00:00:00Z,0.01,Salmon juveniles (Ce CC Common murre)
1989-01-01T00:00:00Z,0,Salmon juveniles (Ce CC Common murre)
1990-01-01T00:00:00Z,0.05,Salmon juveniles (Ce CC Common murre)
1991-01-01T00:00:00Z,0.04,Salmon juveniles (Ce CC Common murre)
1992-01-01T00:00:00Z,0.01,Salmon juveniles (Ce CC Common murre)
1993-01-01T00:00:00Z,0.01,Salmon juveniles (Ce CC Common murre)
1994-01-01T00:00:00Z,0.01,Salmon juveniles (Ce CC Common murre)
1995-01-01T00:00:00Z,0.03,Salmon juveniles (Ce CC Common murre)
1996-01-01T00:00:00Z,0.06,Salmon juveniles (Ce CC Common murre)
1997-01-01T00:00:00Z,0.02,Salmon juveniles (Ce CC Common murre)
1998-01-01T00:00:00Z,0.037,Salmon juveniles (Ce CC Common murre)
1999-01-01T00:00:00Z,0.006,Salmon juveniles (Ce CC Common murre)
2000-01-01T00:00:00Z,0.02,Salmon juveniles (Ce CC Common murre)
2001-01-01T00:00:00Z,0.01,Salmon juveniles (Ce CC Common murre)
2002-01-01T00:00:00Z,0.01,Salmon juveniles (Ce CC Common murre)
2003-01-01T00:00:00Z,0.015,Salmon juveniles (Ce CC Common murre)
2004-01-01T00:00:00Z,0.02,Salmon juveniles (Ce CC Common murre)
2005-01-01T00:00:00Z,0.092,Salmon juveniles (Ce CC Common murre)
2006-01-01T00:00:00Z,0.071,Salmon juveniles (Ce CC Common murre)
2007-01-01T00:00:00Z,0.03,Salmon juveniles (Ce CC Common murre)
2008-01-01T00:00:00Z,0.028,Salmon juveniles (Ce CC Common murre)
2009-01-01T00:00:00Z,0.017,Salmon juveniles (Ce CC Common murre)
2010-01-01T00:00:00Z,0.012,Salmon juveniles (Ce CC Common murre)
2011-01-01T00:00:00Z,0.014,Salmon juveniles (Ce CC Common murre)
2012-01-01T00:00:00Z,0.009,Salmon juveniles (Ce CC Common murre)
2013-01-01T00:00:00Z,0.003,Salmon juveniles (Ce CC Common murre)
2014-01-01T00:00:00Z,0.001,Salmon juveniles (Ce CC Common murre)
2015-01-01T00:00:00Z,0,Salmon juveniles (Ce CC Common murre)
2016-01-01T00:00:00Z,0.001,Salmon juveniles (Ce CC Common murre)
2017-01-01T00:00:00Z,0.004,Salmon juveniles (Ce CC Common murre)
2018-01-01T00:00:00Z,0.005,Salmon juveniles (Ce CC Common murre)
2019-01-01T00:00:00Z,0.004,Salmon juveniles (Ce CC Common murre)
1971-01-01T00:00:00Z,0,E. pacifica (Ce CC SEFI Cassins auklet)
1972-01-01T00:00:00Z,NA,E. pacifica (Ce CC SEFI Cassins auklet)
1973-01-01T00:00:00Z,NA,E. pacifica (Ce CC SEFI Cassins auklet)
1974-01-01T00:00:00Z,NA,E. pacifica (Ce CC SEFI Cassins auklet)
1975-01-01T00:00:00Z,NA,E. pacifica (Ce CC SEFI Cassins auklet)
1976-01-01T00:00:00Z,NA,E. pacifica (Ce CC SEFI Cassins auklet)
1977-01-01T00:00:00Z,0.141,E. pacifica (Ce CC SEFI Cassins auklet)
1978-01-01T00:00:00Z,NA,E. pacifica (Ce CC SEFI Cassins auklet)
1979-01-01T00:00:00Z,0.223,E. pacifica (Ce CC SEFI Cassins auklet)
1980-01-01T00:00:00Z,0.443,E. pacifica (Ce CC SEFI Cassins auklet)
1981-01-01T00:00:00Z,0.407,E. pacifica (Ce CC SEFI Cassins auklet)
1982-01-01T00:00:00Z,NA,E. pacifica (Ce CC SEFI Cassins auklet)
1983-01-01T00:00:00Z,NA,E. pacifica (Ce CC SEFI Cassins auklet)
1984-01-01T00:00:00Z,NA,E. pacifica (Ce CC SEFI Cassins auklet)
1985-01-01T00:00:00Z,0.562,E. pacifica (Ce CC SEFI Cassins auklet)
1986-01-01T00:00:00Z,0.594,E. pacifica (Ce CC SEFI Cassins auklet)
1987-01-01T00:00:00Z,0.532,E. pacifica (Ce CC SEFI Cassins auklet)
1988-01-01T00:00:00Z,0.603,E. pacifica (Ce CC SEFI Cassins auklet)
1989-01-01T00:00:00Z,0.608,E. pacifica (Ce CC SEFI Cassins auklet)
1990-01-01T00:00:00Z,0.572,E. pacifica (Ce CC SEFI Cassins auklet)
1991-01-01T00:00:00Z,0.421,E. pacifica (Ce CC SEFI Cassins auklet)
1992-01-01T00:00:00Z,NA,E. pacifica (Ce CC SEFI Cassins auklet)
1993-01-01T00:00:00Z,0.487,E. pacifica (Ce CC SEFI Cassins auklet)
1994-01-01T00:00:00Z,0.498,E. pacifica (Ce CC SEFI Cassins auklet)
1995-01-01T00:00:00Z,0.251,E. pacifica (Ce CC SEFI Cassins auklet)
1996-01-01T00:00:00Z,0.083,E. pacifica (Ce CC SEFI Cassins auklet)
1997-01-01T00:00:00Z,0.267,E. pacifica (Ce CC SEFI Cassins auklet)
1998-01-01T00:00:00Z,0.094,E. pacifica (Ce CC SEFI Cassins auklet)
1999-01-01T00:00:00Z,0.559,E. pacifica (Ce CC SEFI Cassins auklet)
2000-01-01T00:00:00Z,0.178,E. pacifica (Ce CC SEFI Cassins auklet)
2001-01-01T00:00:00Z,0.354,E. pacifica (Ce CC SEFI Cassins auklet)
2002-01-01T00:00:00Z,0.401,E. pacifica (Ce CC SEFI Cassins auklet)
2003-01-01T00:00:00Z,0.221,E. pacifica (Ce CC SEFI Cassins auklet)
2004-01-01T00:00:00Z,0.099,E. pacifica (Ce CC SEFI Cassins auklet)
2005-01-01T00:00:00Z,0,E. pacifica (Ce CC SEFI Cassins auklet)
2006-01-01T00:00:00Z,0,E. pacifica (Ce CC SEFI Cassins auklet)
2007-01-01T00:00:00Z,0.237,E. pacifica (Ce CC SEFI Cassins auklet)
2008-01-01T00:00:00Z,0.445,E. pacifica (Ce CC SEFI Cassins auklet)
2009-01-01T00:00:00Z,0.363,E. pacifica (Ce CC SEFI Cassins auklet)
2010-01-01T00:00:00Z,0.569,E. pacifica (Ce CC SEFI Cassins auklet)
2011-01-01T00:00:00Z,0.444,E. pacifica (Ce CC SEFI Cassins auklet)
2012-01-01T00:00:00Z,0.644,E. pacifica (Ce CC SEFI Cassins auklet)
2013-01-01T00:00:00Z,0.155,E. pacifica (Ce CC SEFI Cassins auklet)
2014-01-01T00:00:00Z,0.07,E. pacifica (Ce CC SEFI Cassins auklet)
2015-01-01T00:00:00Z,0.165,E. pacifica (Ce CC SEFI Cassins auklet)
2016-01-01T00:00:00Z,0.064,E. pacifica (Ce CC SEFI Cassins auklet)
2017-01-01T00:00:00Z,0.332,E. pacifica (Ce CC SEFI Cassins auklet)
2018-01-01T00:00:00Z,0.502,E. pacifica (Ce CC SEFI Cassins auklet)
1971-01-01T00:00:00Z,0.206,T. spinifera (Ce CC SEFI Cassins auklet)
1972-01-01T00:00:00Z,NA,T. spinifera (Ce CC SEFI Cassins auklet)
1973-01-01T00:00:00Z,NA,T. spinifera (Ce CC SEFI Cassins auklet)
1974-01-01T00:00:00Z,NA,T. spinifera (Ce CC SEFI Cassins auklet)
1975-01-01T00:00:00Z,NA,T. spinifera (Ce CC SEFI Cassins auklet)
1976-01-01T00:00:00Z,NA,T. spinifera (Ce CC SEFI Cassins auklet)
1977-01-01T00:00:00Z,0.859,T. spinifera (Ce CC SEFI Cassins auklet)
1978-01-01T00:00:00Z,NA,T. spinifera (Ce CC SEFI Cassins auklet)
1979-01-01T00:00:00Z,0.479,T. spinifera (Ce CC SEFI Cassins auklet)
1980-01-01T00:00:00Z,0.031,T. spinifera (Ce CC SEFI Cassins auklet)
1981-01-01T00:00:00Z,0.495,T. spinifera (Ce CC SEFI Cassins auklet)
1982-01-01T00:00:00Z,NA,T. spinifera (Ce CC SEFI Cassins auklet)
1983-01-01T00:00:00Z,NA,T. spinifera (Ce CC SEFI Cassins auklet)
1984-01-01T00:00:00Z,NA,T. spinifera (Ce CC SEFI Cassins auklet)
1985-01-01T00:00:00Z,0.201,T. spinifera (Ce CC SEFI Cassins auklet)
1986-01-01T00:00:00Z,0.253,T. spinifera (Ce CC SEFI Cassins auklet)
1987-01-01T00:00:00Z,0.429,T. spinifera (Ce CC SEFI Cassins auklet)
1988-01-01T00:00:00Z,0.368,T. spinifera (Ce CC SEFI Cassins auklet)
1989-01-01T00:00:00Z,0.369,T. spinifera (Ce CC SEFI Cassins auklet)
1990-01-01T00:00:00Z,0.216,T. spinifera (Ce CC SEFI Cassins auklet)
1991-01-01T00:00:00Z,0.151,T. spinifera (Ce CC SEFI Cassins auklet)
1992-01-01T00:00:00Z,NA,T. spinifera (Ce CC SEFI Cassins auklet)
1993-01-01T00:00:00Z,0.278,T. spinifera (Ce CC SEFI Cassins auklet)
1994-01-01T00:00:00Z,0.348,T. spinifera (Ce CC SEFI Cassins auklet)
1995-01-01T00:00:00Z,0.359,T. spinifera (Ce CC SEFI Cassins auklet)
1996-01-01T00:00:00Z,0.822,T. spinifera (Ce CC SEFI Cassins auklet)
1997-01-01T00:00:00Z,0.372,T. spinifera (Ce CC SEFI Cassins auklet)
1998-01-01T00:00:00Z,0.701,T. spinifera (Ce CC SEFI Cassins auklet)
1999-01-01T00:00:00Z,0.205,T. spinifera (Ce CC SEFI Cassins auklet)
2000-01-01T00:00:00Z,0.603,T. spinifera (Ce CC SEFI Cassins auklet)
2001-01-01T00:00:00Z,0.511,T. spinifera (Ce CC SEFI Cassins auklet)
2002-01-01T00:00:00Z,0.485,T. spinifera (Ce CC SEFI Cassins auklet)
2003-01-01T00:00:00Z,0.627,T. spinifera (Ce CC SEFI Cassins auklet)
2004-01-01T00:00:00Z,0.441,T. spinifera (Ce CC SEFI Cassins auklet)
2005-01-01T00:00:00Z,0,T. spinifera (Ce CC SEFI Cassins auklet)
2006-01-01T00:00:00Z,0,T. spinifera (Ce CC SEFI Cassins auklet)
2007-01-01T00:00:00Z,0.076,T. spinifera (Ce CC SEFI Cassins auklet)
2008-01-01T00:00:00Z,0.109,T. spinifera (Ce CC SEFI Cassins auklet)
2009-01-01T00:00:00Z,0.48,T. spinifera (Ce CC SEFI Cassins auklet)
2010-01-01T00:00:00Z,0.326,T. spinifera (Ce CC SEFI Cassins auklet)
2011-01-01T00:00:00Z,0.457,T. spinifera (Ce CC SEFI Cassins auklet)
2012-01-01T00:00:00Z,0.211,T. spinifera (Ce CC SEFI Cassins auklet)
2013-01-01T00:00:00Z,0.582,T. spinifera (Ce CC SEFI Cassins auklet)
2014-01-01T00:00:00Z,0.886,T. spinifera (Ce CC SEFI Cassins auklet)
2015-01-01T00:00:00Z,0.674,T. spinifera (Ce CC SEFI Cassins auklet)
2016-01-01T00:00:00Z,0.85,T. spinifera (Ce CC SEFI Cassins auklet)
2017-01-01T00:00:00Z,0.513,T. spinifera (Ce CC SEFI Cassins auklet)
2018-01-01T00:00:00Z,0.418,T. spinifera (Ce CC SEFI Cassins auklet)
1998-01-01T00:00:00Z,15.87,Smelts (No CC Common murre)
1999-01-01T00:00:00Z,19.96,Smelts (No CC Common murre)
2000-01-01T00:00:00Z,54.62,Smelts (No CC Common murre)
2001-01-01T00:00:00Z,26.93,Smelts (No CC Common murre)
2002-01-01T00:00:00Z,32.85,Smelts (No CC Common murre)
2003-01-01T00:00:00Z,NA,Smelts (No CC Common murre)
2004-01-01T00:00:00Z,NA,Smelts (No CC Common murre)
2005-01-01T00:00:00Z,NA,Smelts (No CC Common murre)
2006-01-01T00:00:00Z,NA,Smelts (No CC Common murre)
2007-01-01T00:00:00Z,30.56,Smelts (No CC Common murre)
2008-01-01T00:00:00Z,8.9,Smelts (No CC Common murre)
2009-01-01T00:00:00Z,34.58,Smelts (No CC Common murre)
2010-01-01T00:00:00Z,71.79,Smelts (No CC Common murre)
2011-01-01T00:00:00Z,35.83,Smelts (No CC Common murre)
2012-01-01T00:00:00Z,64.04,Smelts (No CC Common murre)
2013-01-01T00:00:00Z,55,Smelts (No CC Common murre)
2014-01-01T00:00:00Z,81.15,Smelts (No CC Common murre)
2015-01-01T00:00:00Z,56.25,Smelts (No CC Common murre)
2016-01-01T00:00:00Z,81.9,Smelts (No CC Common murre)
2017-01-01T00:00:00Z,53.49,Smelts (No CC Common murre)
2018-01-01T00:00:00Z,30.9,Smelts (No CC Common murre)
2019-01-01T00:00:00Z,64.7,Smelts (No CC Common murre)
1998-01-01T00:00:00Z,57.14,Herring and sardines (No CC Common murre)
1999-01-01T00:00:00Z,13.98,Herring and sardines (No CC Common murre)
2000-01-01T00:00:00Z,2.55,Herring and sardines (No CC Common murre)
2001-01-01T00:00:00Z,13.47,Herring and sardines (No CC Common murre)
2002-01-01T00:00:00Z,22.27,Herring and sardines (No CC Common murre)
2003-01-01T00:00:00Z,NA,Herring and sardines (No CC Common murre)
2004-01-01T00:00:00Z,NA,Herring and sardines (No CC Common murre)
2005-01-01T00:00:00Z,NA,Herring and sardines (No CC Common murre)
2006-01-01T00:00:00Z,NA,Herring and sardines (No CC Common murre)
2007-01-01T00:00:00Z,44.44,Herring and sardines (No CC Common murre)
2008-01-01T00:00:00Z,5.48,Herring and sardines (No CC Common murre)
2009-01-01T00:00:00Z,29.91,Herring and sardines (No CC Common murre)
2010-01-01T00:00:00Z,7.01,Herring and sardines (No CC Common murre)
2011-01-01T00:00:00Z,12.7,Herring and sardines (No CC Common murre)
2012-01-01T00:00:00Z,12.32,Herring and sardines (No CC Common murre)
2013-01-01T00:00:00Z,20,Herring and sardines (No CC Common murre)
2014-01-01T00:00:00Z,8.2,Herring and sardines (No CC Common murre)
2015-01-01T00:00:00Z,29.17,Herring and sardines (No CC Common murre)
2016-01-01T00:00:00Z,2.59,Herring and sardines (No CC Common murre)
2017-01-01T00:00:00Z,2.33,Herring and sardines (No CC Common murre)
2018-01-01T00:00:00Z,10,Herring and sardines (No CC Common murre)
2019-01-01T00:00:00Z,3.9,Herring and sardines (No CC Common murre)
1998-01-01T00:00:00Z,19.05,Pacific sandlance (No CC Common murre)
1999-01-01T00:00:00Z,38.19,Pacific sandlance (No CC Common murre)
2000-01-01T00:00:00Z,28.87,Pacific sandlance (No CC Common murre)
2001-01-01T00:00:00Z,49.15,Pacific sandlance (No CC Common murre)
2002-01-01T00:00:00Z,33.18,Pacific sandlance (No CC Common murre)
2003-01-01T00:00:00Z,NA,Pacific sandlance (No CC Common murre)
2004-01-01T00:00:00Z,NA,Pacific sandlance (No CC Common murre)
2005-01-01T00:00:00Z,NA,Pacific sandlance (No CC Common murre)
2006-01-01T00:00:00Z,NA,Pacific sandlance (No CC Common murre)
2007-01-01T00:00:00Z,0,Pacific sandlance (No CC Common murre)
2008-01-01T00:00:00Z,70.55,Pacific sandlance (No CC Common murre)
2009-01-01T00:00:00Z,29.91,Pacific sandlance (No CC Common murre)
2010-01-01T00:00:00Z,2.74,Pacific sandlance (No CC Common murre)
2011-01-01T00:00:00Z,16.29,Pacific sandlance (No CC Common murre)
2012-01-01T00:00:00Z,5.42,Pacific sandlance (No CC Common murre)
2013-01-01T00:00:00Z,9.62,Pacific sandlance (No CC Common murre)
2014-01-01T00:00:00Z,1.64,Pacific sandlance (No CC Common murre)
2015-01-01T00:00:00Z,4.17,Pacific sandlance (No CC Common murre)
2016-01-01T00:00:00Z,15.52,Pacific sandlance (No CC Common murre)
2017-01-01T00:00:00Z,34.88,Pacific sandlance (No CC Common murre)
2018-01-01T00:00:00Z,10,Pacific sandlance (No CC Common murre)
2019-01-01T00:00:00Z,6.7,Pacific sandlance (No CC Common murre)
1998-01-01T00:00:00Z,0,Flatfishes (No CC Common murre)
1999-01-01T00:00:00Z,7.43,Flatfishes (No CC Common murre)
2000-01-01T00:00:00Z,4.06,Flatfishes (No CC Common murre)
2001-01-01T00:00:00Z,2.81,Flatfishes (No CC Common murre)
2002-01-01T00:00:00Z,1.31,Flatfishes (No CC Common murre)
2003-01-01T00:00:00Z,NA,Flatfishes (No CC Common murre)
2004-01-01T00:00:00Z,NA,Flatfishes (No CC Common murre)
2005-01-01T00:00:00Z,NA,Flatfishes (No CC Common murre)
2006-01-01T00:00:00Z,NA,Flatfishes (No CC Common murre)
2007-01-01T00:00:00Z,8.33,Flatfishes (No CC Common murre)
2008-01-01T00:00:00Z,1.37,Flatfishes (No CC Common murre)
2009-01-01T00:00:00Z,0.93,Flatfishes (No CC Common murre)
2010-01-01T00:00:00Z,1.88,Flatfishes (No CC Common murre)
2011-01-01T00:00:00Z,23.13,Flatfishes (No CC Common murre)
2012-01-01T00:00:00Z,6.4,Flatfishes (No CC Common murre)
2013-01-01T00:00:00Z,0.77,Flatfishes (No CC Common murre)
2014-01-01T00:00:00Z,0,Flatfishes (No CC Common murre)
2015-01-01T00:00:00Z,5.21,Flatfishes (No CC Common murre)
2016-01-01T00:00:00Z,0,Flatfishes (No CC Common murre)
2017-01-01T00:00:00Z,6.98,Flatfishes (No CC Common murre)
2018-01-01T00:00:00Z,32.7,Flatfishes (No CC Common murre)
2019-01-01T00:00:00Z,14,Flatfishes (No CC Common murre)
1998-01-01T00:00:00Z,0,Rockfish juveniles (No CC Common murre)
1999-01-01T00:00:00Z,0.1,Rockfish juveniles (No CC Common murre)
2000-01-01T00:00:00Z,0.38,Rockfish juveniles (No CC Common murre)
2001-01-01T00:00:00Z,0.4,Rockfish juveniles (No CC Common murre)
2002-01-01T00:00:00Z,0.33,Rockfish juveniles (No CC Common murre)
2003-01-01T00:00:00Z,NA,Rockfish juveniles (No CC Common murre)
2004-01-01T00:00:00Z,NA,Rockfish juveniles (No CC Common murre)
2005-01-01T00:00:00Z,NA,Rockfish juveniles (No CC Common murre)
2006-01-01T00:00:00Z,NA,Rockfish juveniles (No CC Common murre)
2007-01-01T00:00:00Z,0,Rockfish juveniles (No CC Common murre)
2008-01-01T00:00:00Z,13.01,Rockfish juveniles (No CC Common murre)
2009-01-01T00:00:00Z,0,Rockfish juveniles (No CC Common murre)
2010-01-01T00:00:00Z,12.65,Rockfish juveniles (No CC Common murre)
2011-01-01T00:00:00Z,0.98,Rockfish juveniles (No CC Common murre)
2012-01-01T00:00:00Z,0,Rockfish juveniles (No CC Common murre)
2013-01-01T00:00:00Z,2.31,Rockfish juveniles (No CC Common murre)
2014-01-01T00:00:00Z,2.46,Rockfish juveniles (No CC Common murre)
2015-01-01T00:00:00Z,0,Rockfish juveniles (No CC Common murre)
2016-01-01T00:00:00Z,0,Rockfish juveniles (No CC Common murre)
2017-01-01T00:00:00Z,0,Rockfish juveniles (No CC Common murre)
2018-01-01T00:00:00Z,0,Rockfish juveniles (No CC Common murre)
2019-01-01T00:00:00Z,1,Rockfish juveniles (No CC Common murre)
1993-01-01T00:00:00Z,0.76,Northern anchovy (Cen CC ANI Rhinoceros auklet)
1994-01-01T00:00:00Z,0.67,Northern anchovy (Cen CC ANI Rhinoceros auklet)
1995-01-01T00:00:00Z,0.75,Northern anchovy (Cen CC ANI Rhinoceros auklet)
1996-01-01T00:00:00Z,0.26,Northern anchovy (Cen CC ANI Rhinoceros auklet)
1997-01-01T00:00:00Z,0.41,Northern anchovy (Cen CC ANI Rhinoceros auklet)
1998-01-01T00:00:00Z,0.37,Northern anchovy (Cen CC ANI Rhinoceros auklet)
1999-01-01T00:00:00Z,0.74,Northern anchovy (Cen CC ANI Rhinoceros auklet)
2000-01-01T00:00:00Z,0.78,Northern anchovy (Cen CC ANI Rhinoceros auklet)
2001-01-01T00:00:00Z,0.1,Northern anchovy (Cen CC ANI Rhinoceros auklet)
2002-01-01T00:00:00Z,0.23,Northern anchovy (Cen CC ANI Rhinoceros auklet)
2003-01-01T00:00:00Z,0.12,Northern anchovy (Cen CC ANI Rhinoceros auklet)
2004-01-01T00:00:00Z,0.77,Northern anchovy (Cen CC ANI Rhinoceros auklet)
2005-01-01T00:00:00Z,0.8,Northern anchovy (Cen CC ANI Rhinoceros auklet)
2006-01-01T00:00:00Z,1,Northern anchovy (Cen CC ANI Rhinoceros auklet)
2007-01-01T00:00:00Z,1,Northern anchovy (Cen CC ANI Rhinoceros auklet)
2008-01-01T00:00:00Z,0.49,Northern anchovy (Cen CC ANI Rhinoceros auklet)
2009-01-01T00:00:00Z,0.04,Northern anchovy (Cen CC ANI Rhinoceros auklet)
2010-01-01T00:00:00Z,0.07,Northern anchovy (Cen CC ANI Rhinoceros auklet)
2011-01-01T00:00:00Z,0.04,Northern anchovy (Cen CC ANI Rhinoceros auklet)
2012-01-01T00:00:00Z,0.06,Northern anchovy (Cen CC ANI Rhinoceros auklet)
2013-01-01T00:00:00Z,0.36,Northern anchovy (Cen CC ANI Rhinoceros auklet)
2014-01-01T00:00:00Z,0.51,Northern anchovy (Cen CC ANI Rhinoceros auklet)
2015-01-01T00:00:00Z,0.93,Northern anchovy (Cen CC ANI Rhinoceros auklet)
2016-01-01T00:00:00Z,0.79,Northern anchovy (Cen CC ANI Rhinoceros auklet)
2017-01-01T00:00:00Z,0.33,Northern anchovy (Cen CC ANI Rhinoceros auklet)
2018-01-01T00:00:00Z,0.92,Northern anchovy (Cen CC ANI Rhinoceros auklet)
2019-01-01T00:00:00Z,0.9,Northern anchovy (Cen CC ANI Rhinoceros auklet)
1993-01-01T00:00:00Z,0.03,Rockfish juveniles (Cen CC ANI Rhinoceros auklet)
1994-01-01T00:00:00Z,0.03,Rockfish juveniles (Cen CC ANI Rhinoceros auklet)
1995-01-01T00:00:00Z,0.03,Rockfish juveniles (Cen CC ANI Rhinoceros auklet)
1996-01-01T00:00:00Z,0.43,Rockfish juveniles (Cen CC ANI Rhinoceros auklet)
1997-01-01T00:00:00Z,0.02,Rockfish juveniles (Cen CC ANI Rhinoceros auklet)
1998-01-01T00:00:00Z,0,Rockfish juveniles (Cen CC ANI Rhinoceros auklet)
1999-01-01T00:00:00Z,0.15,Rockfish juveniles (Cen CC ANI Rhinoceros auklet)
2000-01-01T00:00:00Z,0.04,Rockfish juveniles (Cen CC ANI Rhinoceros auklet)
2001-01-01T00:00:00Z,0.52,Rockfish juveniles (Cen CC ANI Rhinoceros auklet)
2002-01-01T00:00:00Z,0.59,Rockfish juveniles (Cen CC ANI Rhinoceros auklet)
2003-01-01T00:00:00Z,0.12,Rockfish juveniles (Cen CC ANI Rhinoceros auklet)
2004-01-01T00:00:00Z,0.14,Rockfish juveniles (Cen CC ANI Rhinoceros auklet)
2005-01-01T00:00:00Z,0,Rockfish juveniles (Cen CC ANI Rhinoceros auklet)
2006-01-01T00:00:00Z,0,Rockfish juveniles (Cen CC ANI Rhinoceros auklet)
2007-01-01T00:00:00Z,0,Rockfish juveniles (Cen CC ANI Rhinoceros auklet)
2008-01-01T00:00:00Z,0.07,Rockfish juveniles (Cen CC ANI Rhinoceros auklet)
2009-01-01T00:00:00Z,0.04,Rockfish juveniles (Cen CC ANI Rhinoceros auklet)
2010-01-01T00:00:00Z,0.56,Rockfish juveniles (Cen CC ANI Rhinoceros auklet)
2011-01-01T00:00:00Z,0.15,Rockfish juveniles (Cen CC ANI Rhinoceros auklet)
2012-01-01T00:00:00Z,0.05,Rockfish juveniles (Cen CC ANI Rhinoceros auklet)
2013-01-01T00:00:00Z,0.59,Rockfish juveniles (Cen CC ANI Rhinoceros auklet)
2014-01-01T00:00:00Z,0.43,Rockfish juveniles (Cen CC ANI Rhinoceros auklet)
2015-01-01T00:00:00Z,0.05,Rockfish juveniles (Cen CC ANI Rhinoceros auklet)
2016-01-01T00:00:00Z,0.11,Rockfish juveniles (Cen CC ANI Rhinoceros auklet)
2017-01-01T00:00:00Z,0.48,Rockfish juveniles (Cen CC ANI Rhinoceros auklet)
2018-01-01T00:00:00Z,0.03,Rockfish juveniles (Cen CC ANI Rhinoceros auklet)
2019-01-01T00:00:00Z,0,Rockfish juveniles (Cen CC ANI Rhinoceros auklet)
1993-01-01T00:00:00Z,0,Market squid (Cen CC ANI Rhinoceros auklet)
1994-01-01T00:00:00Z,0.1,Market squid (Cen CC ANI Rhinoceros auklet)
1995-01-01T00:00:00Z,0,Market squid (Cen CC ANI Rhinoceros auklet)
1996-01-01T00:00:00Z,0.15,Market squid (Cen CC ANI Rhinoceros auklet)
1997-01-01T00:00:00Z,0.29,Market squid (Cen CC ANI Rhinoceros auklet)
1998-01-01T00:00:00Z,0.02,Market squid (Cen CC ANI Rhinoceros auklet)
1999-01-01T00:00:00Z,0,Market squid (Cen CC ANI Rhinoceros auklet)
2000-01-01T00:00:00Z,0.08,Market squid (Cen CC ANI Rhinoceros auklet)
2001-01-01T00:00:00Z,0.04,Market squid (Cen CC ANI Rhinoceros auklet)
2002-01-01T00:00:00Z,0.01,Market squid (Cen CC ANI Rhinoceros auklet)
2003-01-01T00:00:00Z,0.06,Market squid (Cen CC ANI Rhinoceros auklet)
2004-01-01T00:00:00Z,0.02,Market squid (Cen CC ANI Rhinoceros auklet)
2005-01-01T00:00:00Z,0,Market squid (Cen CC ANI Rhinoceros auklet)
2006-01-01T00:00:00Z,0,Market squid (Cen CC ANI Rhinoceros auklet)
2007-01-01T00:00:00Z,0,Market squid (Cen CC ANI Rhinoceros auklet)
2008-01-01T00:00:00Z,0.06,Market squid (Cen CC ANI Rhinoceros auklet)
2009-01-01T00:00:00Z,0.28,Market squid (Cen CC ANI Rhinoceros auklet)
2010-01-01T00:00:00Z,0.02,Market squid (Cen CC ANI Rhinoceros auklet)
2011-01-01T00:00:00Z,0.4,Market squid (Cen CC ANI Rhinoceros auklet)
2012-01-01T00:00:00Z,0.28,Market squid (Cen CC ANI Rhinoceros auklet)
2013-01-01T00:00:00Z,0,Market squid (Cen CC ANI Rhinoceros auklet)
2014-01-01T00:00:00Z,0.03,Market squid (Cen CC ANI Rhinoceros auklet)
2015-01-01T00:00:00Z,0,Market squid (Cen CC ANI Rhinoceros auklet)
2016-01-01T00:00:00Z,0,Market squid (Cen CC ANI Rhinoceros auklet)
2017-01-01T00:00:00Z,0.11,Market squid (Cen CC ANI Rhinoceros auklet)
2018-01-01T00:00:00Z,0.02,Market squid (Cen CC ANI Rhinoceros auklet)
2019-01-01T00:00:00Z,0.03,Market squid (Cen CC ANI Rhinoceros auklet)
1993-01-01T00:00:00Z,0,Pacific saury (Cen CC ANI Rhinoceros auklet)
1994-01-01T00:00:00Z,0.15,Pacific saury (Cen CC ANI Rhinoceros auklet)
1995-01-01T00:00:00Z,0,Pacific saury (Cen CC ANI Rhinoceros auklet)
1996-01-01T00:00:00Z,0.08,Pacific saury (Cen CC ANI Rhinoceros auklet)
1997-01-01T00:00:00Z,0.22,Pacific saury (Cen CC ANI Rhinoceros auklet)
1998-01-01T00:00:00Z,0.54,Pacific saury (Cen CC ANI Rhinoceros auklet)
1999-01-01T00:00:00Z,0.03,Pacific saury (Cen CC ANI Rhinoceros auklet)
2000-01-01T00:00:00Z,0.07,Pacific saury (Cen CC ANI Rhinoceros auklet)
2001-01-01T00:00:00Z,0.24,Pacific saury (Cen CC ANI Rhinoceros auklet)
2002-01-01T00:00:00Z,0.14,Pacific saury (Cen CC ANI Rhinoceros auklet)
2003-01-01T00:00:00Z,0.36,Pacific saury (Cen CC ANI Rhinoceros auklet)
2004-01-01T00:00:00Z,0.04,Pacific saury (Cen CC ANI Rhinoceros auklet)
2005-01-01T00:00:00Z,0.18,Pacific saury (Cen CC ANI Rhinoceros auklet)
2006-01-01T00:00:00Z,0,Pacific saury (Cen CC ANI Rhinoceros auklet)
2007-01-01T00:00:00Z,0,Pacific saury (Cen CC ANI Rhinoceros auklet)
2008-01-01T00:00:00Z,0.03,Pacific saury (Cen CC ANI Rhinoceros auklet)
2009-01-01T00:00:00Z,0.12,Pacific saury (Cen CC ANI Rhinoceros auklet)
2010-01-01T00:00:00Z,0.19,Pacific saury (Cen CC ANI Rhinoceros auklet)
2011-01-01T00:00:00Z,0.04,Pacific saury (Cen CC ANI Rhinoceros auklet)
2012-01-01T00:00:00Z,0.43,Pacific saury (Cen CC ANI Rhinoceros auklet)
2013-01-01T00:00:00Z,0,Pacific saury (Cen CC ANI Rhinoceros auklet)
2014-01-01T00:00:00Z,0,Pacific saury (Cen CC ANI Rhinoceros auklet)
2015-01-01T00:00:00Z,0,Pacific saury (Cen CC ANI Rhinoceros auklet)
2016-01-01T00:00:00Z,0,Pacific saury (Cen CC ANI Rhinoceros auklet)
2017-01-01T00:00:00Z,0,Pacific saury (Cen CC ANI Rhinoceros auklet)
2018-01-01T00:00:00Z,0,Pacific saury (Cen CC ANI Rhinoceros auklet)
2019-01-01T00:00:00Z,0,Pacific saury (Cen CC ANI Rhinoceros auklet)
1994-01-01T00:00:00Z,0.56,Northern anchovy (Ce CC SEFI Brandts cormorant)
1995-01-01T00:00:00Z,NA,Northern anchovy (Ce CC SEFI Brandts cormorant)
1996-01-01T00:00:00Z,NA,Northern anchovy (Ce CC SEFI Brandts cormorant)
1997-01-01T00:00:00Z,NA,Northern anchovy (Ce CC SEFI Brandts cormorant)
1998-01-01T00:00:00Z,NA,Northern anchovy (Ce CC SEFI Brandts cormorant)
1999-01-01T00:00:00Z,0.86,Northern anchovy (Ce CC SEFI Brandts cormorant)
2000-01-01T00:00:00Z,NA,Northern anchovy (Ce CC SEFI Brandts cormorant)
2001-01-01T00:00:00Z,NA,Northern anchovy (Ce CC SEFI Brandts cormorant)
2002-01-01T00:00:00Z,NA,Northern anchovy (Ce CC SEFI Brandts cormorant)
2003-01-01T00:00:00Z,0.01,Northern anchovy (Ce CC SEFI Brandts cormorant)
2004-01-01T00:00:00Z,0,Northern anchovy (Ce CC SEFI Brandts cormorant)
2005-01-01T00:00:00Z,0.68,Northern anchovy (Ce CC SEFI Brandts cormorant)
2006-01-01T00:00:00Z,0.8,Northern anchovy (Ce CC SEFI Brandts cormorant)
2007-01-01T00:00:00Z,0.67,Northern anchovy (Ce CC SEFI Brandts cormorant)
2008-01-01T00:00:00Z,0.34,Northern anchovy (Ce CC SEFI Brandts cormorant)
2009-01-01T00:00:00Z,0,Northern anchovy (Ce CC SEFI Brandts cormorant)
2010-01-01T00:00:00Z,0,Northern anchovy (Ce CC SEFI Brandts cormorant)
2011-01-01T00:00:00Z,0.03,Northern anchovy (Ce CC SEFI Brandts cormorant)
2012-01-01T00:00:00Z,0.01,Northern anchovy (Ce CC SEFI Brandts cormorant)
2013-01-01T00:00:00Z,0.002,Northern anchovy (Ce CC SEFI Brandts cormorant)
2014-01-01T00:00:00Z,0,Northern anchovy (Ce CC SEFI Brandts cormorant)
2015-01-01T00:00:00Z,0.07,Northern anchovy (Ce CC SEFI Brandts cormorant)
2016-01-01T00:00:00Z,0.299,Northern anchovy (Ce CC SEFI Brandts cormorant)
2017-01-01T00:00:00Z,0.58,Northern anchovy (Ce CC SEFI Brandts cormorant)
2018-01-01T00:00:00Z,0.47,Northern anchovy (Ce CC SEFI Brandts cormorant)
2019-01-01T00:00:00Z,0.83,Northern anchovy (Ce CC SEFI Brandts cormorant)
1994-01-01T00:00:00Z,0.12,Rockfish juveniles (Ce CC SEFI Brandts cormorant)
1995-01-01T00:00:00Z,NA,Rockfish juveniles (Ce CC SEFI Brandts cormorant)
1996-01-01T00:00:00Z,NA,Rockfish juveniles (Ce CC SEFI Brandts cormorant)
1997-01-01T00:00:00Z,NA,Rockfish juveniles (Ce CC SEFI Brandts cormorant)
1998-01-01T00:00:00Z,NA,Rockfish juveniles (Ce CC SEFI Brandts cormorant)
1999-01-01T00:00:00Z,0.02,Rockfish juveniles (Ce CC SEFI Brandts cormorant)
2000-01-01T00:00:00Z,NA,Rockfish juveniles (Ce CC SEFI Brandts cormorant)
2001-01-01T00:00:00Z,NA,Rockfish juveniles (Ce CC SEFI Brandts cormorant)
2002-01-01T00:00:00Z,NA,Rockfish juveniles (Ce CC SEFI Brandts cormorant)
2003-01-01T00:00:00Z,0.65,Rockfish juveniles (Ce CC SEFI Brandts cormorant)
2004-01-01T00:00:00Z,0,Rockfish juveniles (Ce CC SEFI Brandts cormorant)
2005-01-01T00:00:00Z,0.05,Rockfish juveniles (Ce CC SEFI Brandts cormorant)
2006-01-01T00:00:00Z,0,Rockfish juveniles (Ce CC SEFI Brandts cormorant)
2007-01-01T00:00:00Z,0.07,Rockfish juveniles (Ce CC SEFI Brandts cormorant)
2008-01-01T00:00:00Z,0.023,Rockfish juveniles (Ce CC SEFI Brandts cormorant)
2009-01-01T00:00:00Z,0.84,Rockfish juveniles (Ce CC SEFI Brandts cormorant)
2010-01-01T00:00:00Z,0.74,Rockfish juveniles (Ce CC SEFI Brandts cormorant)
2011-01-01T00:00:00Z,0.27,Rockfish juveniles (Ce CC SEFI Brandts cormorant)
2012-01-01T00:00:00Z,0.08,Rockfish juveniles (Ce CC SEFI Brandts cormorant)
2013-01-01T00:00:00Z,0.969,Rockfish juveniles (Ce CC SEFI Brandts cormorant)
2014-01-01T00:00:00Z,0.962,Rockfish juveniles (Ce CC SEFI Brandts cormorant)
2015-01-01T00:00:00Z,0.76,Rockfish juveniles (Ce CC SEFI Brandts cormorant)
2016-01-01T00:00:00Z,0.575,Rockfish juveniles (Ce CC SEFI Brandts cormorant)
2017-01-01T00:00:00Z,0.13,Rockfish juveniles (Ce CC SEFI Brandts cormorant)
2018-01-01T00:00:00Z,0.18,Rockfish juveniles (Ce CC SEFI Brandts cormorant)
2019-01-01T00:00:00Z,0.01,Rockfish juveniles (Ce CC SEFI Brandts cormorant)
1987-01-01T00:00:00Z,0.01,Northern anchovy (Ce CC SEFI Rhinoceros auklet)
1988-01-01T00:00:00Z,0.09,Northern anchovy (Ce CC SEFI Rhinoceros auklet)
1989-01-01T00:00:00Z,0.2,Northern anchovy (Ce CC SEFI Rhinoceros auklet)
1990-01-01T00:00:00Z,0.14,Northern anchovy (Ce CC SEFI Rhinoceros auklet)
1991-01-01T00:00:00Z,0,Northern anchovy (Ce CC SEFI Rhinoceros auklet)
1992-01-01T00:00:00Z,0.8,Northern anchovy (Ce CC SEFI Rhinoceros auklet)
1993-01-01T00:00:00Z,0.38,Northern anchovy (Ce CC SEFI Rhinoceros auklet)
1994-01-01T00:00:00Z,0.16,Northern anchovy (Ce CC SEFI Rhinoceros auklet)
1995-01-01T00:00:00Z,0.24,Northern anchovy (Ce CC SEFI Rhinoceros auklet)
1996-01-01T00:00:00Z,0.3,Northern anchovy (Ce CC SEFI Rhinoceros auklet)
1997-01-01T00:00:00Z,0.01,Northern anchovy (Ce CC SEFI Rhinoceros auklet)
1998-01-01T00:00:00Z,0.02,Northern anchovy (Ce CC SEFI Rhinoceros auklet)
1999-01-01T00:00:00Z,0.3,Northern anchovy (Ce CC SEFI Rhinoceros auklet)
2000-01-01T00:00:00Z,0.42,Northern anchovy (Ce CC SEFI Rhinoceros auklet)
2001-01-01T00:00:00Z,0,Northern anchovy (Ce CC SEFI Rhinoceros auklet)
2002-01-01T00:00:00Z,0.04,Northern anchovy (Ce CC SEFI Rhinoceros auklet)
2003-01-01T00:00:00Z,0.01,Northern anchovy (Ce CC SEFI Rhinoceros auklet)
2004-01-01T00:00:00Z,0.34,Northern anchovy (Ce CC SEFI Rhinoceros auklet)
2005-01-01T00:00:00Z,0.67,Northern anchovy (Ce CC SEFI Rhinoceros auklet)
2006-01-01T00:00:00Z,0.96,Northern anchovy (Ce CC SEFI Rhinoceros auklet)
2007-01-01T00:00:00Z,0.96,Northern anchovy (Ce CC SEFI Rhinoceros auklet)
2008-01-01T00:00:00Z,0.28,Northern anchovy (Ce CC SEFI Rhinoceros auklet)
2009-01-01T00:00:00Z,0,Northern anchovy (Ce CC SEFI Rhinoceros auklet)
2010-01-01T00:00:00Z,0,Northern anchovy (Ce CC SEFI Rhinoceros auklet)
2011-01-01T00:00:00Z,0.03,Northern anchovy (Ce CC SEFI Rhinoceros auklet)
2012-01-01T00:00:00Z,0,Northern anchovy (Ce CC SEFI Rhinoceros auklet)
2013-01-01T00:00:00Z,0.01,Northern anchovy (Ce CC SEFI Rhinoceros auklet)
2014-01-01T00:00:00Z,0.02,Northern anchovy (Ce CC SEFI Rhinoceros auklet)
2015-01-01T00:00:00Z,0.62,Northern anchovy (Ce CC SEFI Rhinoceros auklet)
2016-01-01T00:00:00Z,0.22,Northern anchovy (Ce CC SEFI Rhinoceros auklet)
2017-01-01T00:00:00Z,0.05,Northern anchovy (Ce CC SEFI Rhinoceros auklet)
2018-01-01T00:00:00Z,0.65,Northern anchovy (Ce CC SEFI Rhinoceros auklet)
2019-01-01T00:00:00Z,0.96,Northern anchovy (Ce CC SEFI Rhinoceros auklet)
1987-01-01T00:00:00Z,0.83,Rockfish juveniles (Ce CC SEFI Rhinoceros auklet)
1988-01-01T00:00:00Z,0.67,Rockfish juveniles (Ce CC SEFI Rhinoceros auklet)
1989-01-01T00:00:00Z,0,Rockfish juveniles (Ce CC SEFI Rhinoceros auklet)
1990-01-01T00:00:00Z,0.13,Rockfish juveniles (Ce CC SEFI Rhinoceros auklet)
1991-01-01T00:00:00Z,0.53,Rockfish juveniles (Ce CC SEFI Rhinoceros auklet)
1992-01-01T00:00:00Z,0.09,Rockfish juveniles (Ce CC SEFI Rhinoceros auklet)
1993-01-01T00:00:00Z,0.26,Rockfish juveniles (Ce CC SEFI Rhinoceros auklet)
1994-01-01T00:00:00Z,0.23,Rockfish juveniles (Ce CC SEFI Rhinoceros auklet)
1995-01-01T00:00:00Z,0.14,Rockfish juveniles (Ce CC SEFI Rhinoceros auklet)
1996-01-01T00:00:00Z,0.28,Rockfish juveniles (Ce CC SEFI Rhinoceros auklet)
1997-01-01T00:00:00Z,0.09,Rockfish juveniles (Ce CC SEFI Rhinoceros auklet)
1998-01-01T00:00:00Z,0.03,Rockfish juveniles (Ce CC SEFI Rhinoceros auklet)
1999-01-01T00:00:00Z,0.32,Rockfish juveniles (Ce CC SEFI Rhinoceros auklet)
2000-01-01T00:00:00Z,0,Rockfish juveniles (Ce CC SEFI Rhinoceros auklet)
2001-01-01T00:00:00Z,0.39,Rockfish juveniles (Ce CC SEFI Rhinoceros auklet)
2002-01-01T00:00:00Z,0.51,Rockfish juveniles (Ce CC SEFI Rhinoceros auklet)
2003-01-01T00:00:00Z,0.03,Rockfish juveniles (Ce CC SEFI Rhinoceros auklet)
2004-01-01T00:00:00Z,0.15,Rockfish juveniles (Ce CC SEFI Rhinoceros auklet)
2005-01-01T00:00:00Z,0,Rockfish juveniles (Ce CC SEFI Rhinoceros auklet)
2006-01-01T00:00:00Z,0,Rockfish juveniles (Ce CC SEFI Rhinoceros auklet)
2007-01-01T00:00:00Z,0,Rockfish juveniles (Ce CC SEFI Rhinoceros auklet)
2008-01-01T00:00:00Z,0.29,Rockfish juveniles (Ce CC SEFI Rhinoceros auklet)
2009-01-01T00:00:00Z,0.06,Rockfish juveniles (Ce CC SEFI Rhinoceros auklet)
2010-01-01T00:00:00Z,0.42,Rockfish juveniles (Ce CC SEFI Rhinoceros auklet)
2011-01-01T00:00:00Z,0.32,Rockfish juveniles (Ce CC SEFI Rhinoceros auklet)
2012-01-01T00:00:00Z,0.24,Rockfish juveniles (Ce CC SEFI Rhinoceros auklet)
2013-01-01T00:00:00Z,0.66,Rockfish juveniles (Ce CC SEFI Rhinoceros auklet)
2014-01-01T00:00:00Z,0.81,Rockfish juveniles (Ce CC SEFI Rhinoceros auklet)
2015-01-01T00:00:00Z,0.29,Rockfish juveniles (Ce CC SEFI Rhinoceros auklet)
2016-01-01T00:00:00Z,0.63,Rockfish juveniles (Ce CC SEFI Rhinoceros auklet)
2017-01-01T00:00:00Z,0.44,Rockfish juveniles (Ce CC SEFI Rhinoceros auklet)
2018-01-01T00:00:00Z,0.05,Rockfish juveniles (Ce CC SEFI Rhinoceros auklet)
2019-01-01T00:00:00Z,0.02,Rockfish juveniles (Ce CC SEFI Rhinoceros auklet)
2008-01-01T00:00:00Z,0.496,Northern anchovy (No CC Rhinoceros auklet)
2009-01-01T00:00:00Z,0.834,Northern anchovy (No CC Rhinoceros auklet)
2010-01-01T00:00:00Z,0.816,Northern anchovy (No CC Rhinoceros auklet)
2011-01-01T00:00:00Z,NA,Northern anchovy (No CC Rhinoceros auklet)
2012-01-01T00:00:00Z,NA,Northern anchovy (No CC Rhinoceros auklet)
2013-01-01T00:00:00Z,0.82,Northern anchovy (No CC Rhinoceros auklet)
2014-01-01T00:00:00Z,NA,Northern anchovy (No CC Rhinoceros auklet)
2015-01-01T00:00:00Z,0,Northern anchovy (No CC Rhinoceros auklet)
2016-01-01T00:00:00Z,0.573,Northern anchovy (No CC Rhinoceros auklet)
2017-01-01T00:00:00Z,0.357,Northern anchovy (No CC Rhinoceros auklet)
2018-01-01T00:00:00Z,0.071,Northern anchovy (No CC Rhinoceros auklet)
2019-01-01T00:00:00Z,0.052759346,Northern anchovy (No CC Rhinoceros auklet)
2008-01-01T00:00:00Z,0.117,Pacific herring (No CC Rhinoceros auklet)
2009-01-01T00:00:00Z,0.066,Pacific herring (No CC Rhinoceros auklet)
2010-01-01T00:00:00Z,0.03,Pacific herring (No CC Rhinoceros auklet)
2011-01-01T00:00:00Z,NA,Pacific herring (No CC Rhinoceros auklet)
2012-01-01T00:00:00Z,NA,Pacific herring (No CC Rhinoceros auklet)
2013-01-01T00:00:00Z,0.023,Pacific herring (No CC Rhinoceros auklet)
2014-01-01T00:00:00Z,NA,Pacific herring (No CC Rhinoceros auklet)
2015-01-01T00:00:00Z,1,Pacific herring (No CC Rhinoceros auklet)
2016-01-01T00:00:00Z,0,Pacific herring (No CC Rhinoceros auklet)
2017-01-01T00:00:00Z,0.273,Pacific herring (No CC Rhinoceros auklet)
2018-01-01T00:00:00Z,0.625,Pacific herring (No CC Rhinoceros auklet)
2019-01-01T00:00:00Z,0.15293737,Pacific herring (No CC Rhinoceros auklet)
2008-01-01T00:00:00Z,0.13,Rockfish juveniles (No CC Rhinoceros auklet)
2009-01-01T00:00:00Z,0,Rockfish juveniles (No CC Rhinoceros auklet)
2010-01-01T00:00:00Z,0.024,Rockfish juveniles (No CC Rhinoceros auklet)
2011-01-01T00:00:00Z,NA,Rockfish juveniles (No CC Rhinoceros auklet)
2012-01-01T00:00:00Z,NA,Rockfish juveniles (No CC Rhinoceros auklet)
2013-01-01T00:00:00Z,0,Rockfish juveniles (No CC Rhinoceros auklet)
2014-01-01T00:00:00Z,NA,Rockfish juveniles (No CC Rhinoceros auklet)
2015-01-01T00:00:00Z,0,Rockfish juveniles (No CC Rhinoceros auklet)
2016-01-01T00:00:00Z,0.176,Rockfish juveniles (No CC Rhinoceros auklet)
2017-01-01T00:00:00Z,0.006,Rockfish juveniles (No CC Rhinoceros auklet)
2018-01-01T00:00:00Z,0,Rockfish juveniles (No CC Rhinoceros auklet)
2019-01-01T00:00:00Z,0.004612397,Rockfish juveniles (No CC Rhinoceros auklet)
2008-01-01T00:00:00Z,0.145,Smelts (No CC Rhinoceros auklet)
2009-01-01T00:00:00Z,0.06,Smelts (No CC Rhinoceros auklet)
2010-01-01T00:00:00Z,0.094,Smelts (No CC Rhinoceros auklet)
2011-01-01T00:00:00Z,NA,Smelts (No CC Rhinoceros auklet)
2012-01-01T00:00:00Z,NA,Smelts (No CC Rhinoceros auklet)
2013-01-01T00:00:00Z,0.086,Smelts (No CC Rhinoceros auklet)
2014-01-01T00:00:00Z,NA,Smelts (No CC Rhinoceros auklet)
2015-01-01T00:00:00Z,0,Smelts (No CC Rhinoceros auklet)
2016-01-01T00:00:00Z,0.107,Smelts (No CC Rhinoceros auklet)
2017-01-01T00:00:00Z,0.049,Smelts (No CC Rhinoceros auklet)
2018-01-01T00:00:00Z,0.293,Smelts (No CC Rhinoceros auklet)
2019-01-01T00:00:00Z,0.5903868,Smelts (No CC Rhinoceros auklet)
1972-01-01T00:00:00Z,0.06,Rockfish juveniles (Ce CC SEFI Pigeon guillemot)
1973-01-01T00:00:00Z,0.54,Rockfish juveniles (Ce CC SEFI Pigeon guillemot)
1974-01-01T00:00:00Z,0.84,Rockfish juveniles (Ce CC SEFI Pigeon guillemot)
1975-01-01T00:00:00Z,0.75,Rockfish juveniles (Ce CC SEFI Pigeon guillemot)
1976-01-01T00:00:00Z,0.23,Rockfish juveniles (Ce CC SEFI Pigeon guillemot)
1977-01-01T00:00:00Z,0.86,Rockfish juveniles (Ce CC SEFI Pigeon guillemot)
1978-01-01T00:00:00Z,0.08,Rockfish juveniles (Ce CC SEFI Pigeon guillemot)
1979-01-01T00:00:00Z,0.88,Rockfish juveniles (Ce CC SEFI Pigeon guillemot)
1980-01-01T00:00:00Z,0.68,Rockfish juveniles (Ce CC SEFI Pigeon guillemot)
1981-01-01T00:00:00Z,0.66,Rockfish juveniles (Ce CC SEFI Pigeon guillemot)
1982-01-01T00:00:00Z,0.63,Rockfish juveniles (Ce CC SEFI Pigeon guillemot)
1983-01-01T00:00:00Z,NA,Rockfish juveniles (Ce CC SEFI Pigeon guillemot)
1984-01-01T00:00:00Z,0.73,Rockfish juveniles (Ce CC SEFI Pigeon guillemot)
1985-01-01T00:00:00Z,0.65,Rockfish juveniles (Ce CC SEFI Pigeon guillemot)
1986-01-01T00:00:00Z,0.36,Rockfish juveniles (Ce CC SEFI Pigeon guillemot)
1987-01-01T00:00:00Z,0.68,Rockfish juveniles (Ce CC SEFI Pigeon guillemot)
1988-01-01T00:00:00Z,0.71,Rockfish juveniles (Ce CC SEFI Pigeon guillemot)
1989-01-01T00:00:00Z,0.32,Rockfish juveniles (Ce CC SEFI Pigeon guillemot)
1990-01-01T00:00:00Z,0.04,Rockfish juveniles (Ce CC SEFI Pigeon guillemot)
1991-01-01T00:00:00Z,0.27,Rockfish juveniles (Ce CC SEFI Pigeon guillemot)
1992-01-01T00:00:00Z,0.08,Rockfish juveniles (Ce CC SEFI Pigeon guillemot)
1993-01-01T00:00:00Z,0.62,Rockfish juveniles (Ce CC SEFI Pigeon guillemot)
1994-01-01T00:00:00Z,0.28,Rockfish juveniles (Ce CC SEFI Pigeon guillemot)
1995-01-01T00:00:00Z,0.15,Rockfish juveniles (Ce CC SEFI Pigeon guillemot)
1996-01-01T00:00:00Z,0.34,Rockfish juveniles (Ce CC SEFI Pigeon guillemot)
1997-01-01T00:00:00Z,0.32,Rockfish juveniles (Ce CC SEFI Pigeon guillemot)
1998-01-01T00:00:00Z,NA,Rockfish juveniles (Ce CC SEFI Pigeon guillemot)
1999-01-01T00:00:00Z,0.26,Rockfish juveniles (Ce CC SEFI Pigeon guillemot)
2000-01-01T00:00:00Z,0.01,Rockfish juveniles (Ce CC SEFI Pigeon guillemot)
2001-01-01T00:00:00Z,0.59,Rockfish juveniles (Ce CC SEFI Pigeon guillemot)
2002-01-01T00:00:00Z,0.5,Rockfish juveniles (Ce CC SEFI Pigeon guillemot)
2003-01-01T00:00:00Z,0.45,Rockfish juveniles (Ce CC SEFI Pigeon guillemot)
2004-01-01T00:00:00Z,0.53,Rockfish juveniles (Ce CC SEFI Pigeon guillemot)
2005-01-01T00:00:00Z,0.02,Rockfish juveniles (Ce CC SEFI Pigeon guillemot)
2006-01-01T00:00:00Z,0.02,Rockfish juveniles (Ce CC SEFI Pigeon guillemot)
2007-01-01T00:00:00Z,0.04,Rockfish juveniles (Ce CC SEFI Pigeon guillemot)
2008-01-01T00:00:00Z,0.19,Rockfish juveniles (Ce CC SEFI Pigeon guillemot)
2009-01-01T00:00:00Z,0.13,Rockfish juveniles (Ce CC SEFI Pigeon guillemot)
2010-01-01T00:00:00Z,0.61,Rockfish juveniles (Ce CC SEFI Pigeon guillemot)
2011-01-01T00:00:00Z,0.31,Rockfish juveniles (Ce CC SEFI Pigeon guillemot)
2012-01-01T00:00:00Z,0.42,Rockfish juveniles (Ce CC SEFI Pigeon guillemot)
2013-01-01T00:00:00Z,0.59,Rockfish juveniles (Ce CC SEFI Pigeon guillemot)
2014-01-01T00:00:00Z,0.75,Rockfish juveniles (Ce CC SEFI Pigeon guillemot)
2015-01-01T00:00:00Z,0.49,Rockfish juveniles (Ce CC SEFI Pigeon guillemot)
2016-01-01T00:00:00Z,0.49,Rockfish juveniles (Ce CC SEFI Pigeon guillemot)
2017-01-01T00:00:00Z,0.25,Rockfish juveniles (Ce CC SEFI Pigeon guillemot)
2018-01-01T00:00:00Z,0.16,Rockfish juveniles (Ce CC SEFI Pigeon guillemot)
2019-01-01T00:00:00Z,0.15,Rockfish juveniles (Ce CC SEFI Pigeon guillemot)
