time,variable,value_character,value_numeric,value_type
1967-01-01T00:00:00Z,tumi,NA,37186.863,numeric
1967-01-01T00:00:00Z,latitude,NA,33,numeric
1968-01-01T00:00:00Z,tumi,NA,44175.824,numeric
1968-01-01T00:00:00Z,latitude,NA,33,numeric
1969-01-01T00:00:00Z,tumi,NA,43032.57,numeric
1969-01-01T00:00:00Z,latitude,NA,33,numeric
1970-01-01T00:00:00Z,tumi,NA,42329.363,numeric
1970-01-01T00:00:00Z,latitude,NA,33,numeric
1971-01-01T00:00:00Z,tumi,NA,46146.383,numeric
1971-01-01T00:00:00Z,latitude,NA,33,numeric
1972-01-01T00:00:00Z,tumi,NA,31154.55,numeric
1972-01-01T00:00:00Z,latitude,NA,33,numeric
1973-01-01T00:00:00Z,tumi,NA,34750.633,numeric
1973-01-01T00:00:00Z,latitude,NA,33,numeric
1974-01-01T00:00:00Z,tumi,NA,29424.744,numeric
1974-01-01T00:00:00Z,latitude,NA,33,numeric
1975-01-01T00:00:00Z,tumi,NA,36598.45,numeric
1975-01-01T00:00:00Z,latitude,NA,33,numeric
1976-01-01T00:00:00Z,tumi,NA,25943.31,numeric
1976-01-01T00:00:00Z,latitude,NA,33,numeric
1977-01-01T00:00:00Z,tumi,NA,30208.098,numeric
1977-01-01T00:00:00Z,latitude,NA,33,numeric
1978-01-01T00:00:00Z,tumi,NA,24007.768,numeric
1978-01-01T00:00:00Z,latitude,NA,33,numeric
1979-01-01T00:00:00Z,tumi,NA,37378.3,numeric
1979-01-01T00:00:00Z,latitude,NA,33,numeric
1980-01-01T00:00:00Z,tumi,NA,40067.26,numeric
1980-01-01T00:00:00Z,latitude,NA,33,numeric
1981-01-01T00:00:00Z,tumi,NA,19494.91,numeric
1981-01-01T00:00:00Z,latitude,NA,33,numeric
1982-01-01T00:00:00Z,tumi,NA,19065.15,numeric
1982-01-01T00:00:00Z,latitude,NA,33,numeric
1983-01-01T00:00:00Z,tumi,NA,21067.615,numeric
1983-01-01T00:00:00Z,latitude,NA,33,numeric
1984-01-01T00:00:00Z,tumi,NA,28406.703,numeric
1984-01-01T00:00:00Z,latitude,NA,33,numeric
1985-01-01T00:00:00Z,tumi,NA,23914.88,numeric
1985-01-01T00:00:00Z,latitude,NA,33,numeric
1986-01-01T00:00:00Z,tumi,NA,21268.406,numeric
1986-01-01T00:00:00Z,latitude,NA,33,numeric
1987-01-01T00:00:00Z,tumi,NA,22740.64,numeric
1987-01-01T00:00:00Z,latitude,NA,33,numeric
1988-01-01T00:00:00Z,tumi,NA,24984.55,numeric
1988-01-01T00:00:00Z,latitude,NA,33,numeric
1989-01-01T00:00:00Z,tumi,NA,24893.594,numeric
1989-01-01T00:00:00Z,latitude,NA,33,numeric
1990-01-01T00:00:00Z,tumi,NA,25895.615,numeric
1990-01-01T00:00:00Z,latitude,NA,33,numeric
1991-01-01T00:00:00Z,tumi,NA,26553.73,numeric
1991-01-01T00:00:00Z,latitude,NA,33,numeric
1992-01-01T00:00:00Z,tumi,NA,21295.312,numeric
1992-01-01T00:00:00Z,latitude,NA,33,numeric
1993-01-01T00:00:00Z,tumi,NA,21878.695,numeric
1993-01-01T00:00:00Z,latitude,NA,33,numeric
1994-01-01T00:00:00Z,tumi,NA,28018.543,numeric
1994-01-01T00:00:00Z,latitude,NA,33,numeric
1995-01-01T00:00:00Z,tumi,NA,23771.918,numeric
1995-01-01T00:00:00Z,latitude,NA,33,numeric
1996-01-01T00:00:00Z,tumi,NA,27353.068,numeric
1996-01-01T00:00:00Z,latitude,NA,33,numeric
1997-01-01T00:00:00Z,tumi,NA,27261.209,numeric
1997-01-01T00:00:00Z,latitude,NA,33,numeric
1998-01-01T00:00:00Z,tumi,NA,23028.102,numeric
1998-01-01T00:00:00Z,latitude,NA,33,numeric
1999-01-01T00:00:00Z,tumi,NA,33833.023,numeric
1999-01-01T00:00:00Z,latitude,NA,33,numeric
2000-01-01T00:00:00Z,tumi,NA,26640.16,numeric
2000-01-01T00:00:00Z,latitude,NA,33,numeric
2001-01-01T00:00:00Z,tumi,NA,28114.217,numeric
2001-01-01T00:00:00Z,latitude,NA,33,numeric
2002-01-01T00:00:00Z,tumi,NA,30482.078,numeric
2002-01-01T00:00:00Z,latitude,NA,33,numeric
2003-01-01T00:00:00Z,tumi,NA,29004.508,numeric
2003-01-01T00:00:00Z,latitude,NA,33,numeric
2004-01-01T00:00:00Z,tumi,NA,19164.045,numeric
2004-01-01T00:00:00Z,latitude,NA,33,numeric
2005-01-01T00:00:00Z,tumi,NA,23720.361,numeric
2005-01-01T00:00:00Z,latitude,NA,33,numeric
2006-01-01T00:00:00Z,tumi,NA,26928.799,numeric
2006-01-01T00:00:00Z,latitude,NA,33,numeric
2007-01-01T00:00:00Z,tumi,NA,30311.27,numeric
2007-01-01T00:00:00Z,latitude,NA,33,numeric
2008-01-01T00:00:00Z,tumi,NA,26230.271,numeric
2008-01-01T00:00:00Z,latitude,NA,33,numeric
2009-01-01T00:00:00Z,tumi,NA,27876.615,numeric
2009-01-01T00:00:00Z,latitude,NA,33,numeric
2010-01-01T00:00:00Z,tumi,NA,34885.64,numeric
2010-01-01T00:00:00Z,latitude,NA,33,numeric
2011-01-01T00:00:00Z,tumi,NA,30520.734,numeric
2011-01-01T00:00:00Z,latitude,NA,33,numeric
2012-01-01T00:00:00Z,tumi,NA,36684.863,numeric
2012-01-01T00:00:00Z,latitude,NA,33,numeric
2013-01-01T00:00:00Z,tumi,NA,36414.145,numeric
2013-01-01T00:00:00Z,latitude,NA,33,numeric
2014-01-01T00:00:00Z,tumi,NA,27972.871,numeric
2014-01-01T00:00:00Z,latitude,NA,33,numeric
2015-01-01T00:00:00Z,tumi,NA,28843.02,numeric
2015-01-01T00:00:00Z,latitude,NA,33,numeric
2016-01-01T00:00:00Z,tumi,NA,34900.285,numeric
2016-01-01T00:00:00Z,latitude,NA,33,numeric
2017-01-01T00:00:00Z,tumi,NA,38019.043,numeric
2017-01-01T00:00:00Z,latitude,NA,33,numeric
2018-01-01T00:00:00Z,tumi,NA,37428.723,numeric
2018-01-01T00:00:00Z,latitude,NA,33,numeric
2019-01-01T00:00:00Z,tumi,NA,33693.17,numeric
2019-01-01T00:00:00Z,latitude,NA,33,numeric
2020-01-01T00:00:00Z,tumi,NA,33049.445,numeric
2020-01-01T00:00:00Z,latitude,NA,33,numeric
1967-01-01T00:00:00Z,tumi,NA,23865.494,numeric
1967-01-01T00:00:00Z,latitude,NA,36,numeric
1968-01-01T00:00:00Z,tumi,NA,35592.336,numeric
1968-01-01T00:00:00Z,latitude,NA,36,numeric
1969-01-01T00:00:00Z,tumi,NA,30120.035,numeric
1969-01-01T00:00:00Z,latitude,NA,36,numeric
1970-01-01T00:00:00Z,tumi,NA,27944.736,numeric
1970-01-01T00:00:00Z,latitude,NA,36,numeric
1971-01-01T00:00:00Z,tumi,NA,30878.512,numeric
1971-01-01T00:00:00Z,latitude,NA,36,numeric
1972-01-01T00:00:00Z,tumi,NA,23530.188,numeric
1972-01-01T00:00:00Z,latitude,NA,36,numeric
1973-01-01T00:00:00Z,tumi,NA,32271.104,numeric
1973-01-01T00:00:00Z,latitude,NA,36,numeric
1974-01-01T00:00:00Z,tumi,NA,32559.51,numeric
1974-01-01T00:00:00Z,latitude,NA,36,numeric
1975-01-01T00:00:00Z,tumi,NA,34222.242,numeric
1975-01-01T00:00:00Z,latitude,NA,36,numeric
1976-01-01T00:00:00Z,tumi,NA,24186.688,numeric
1976-01-01T00:00:00Z,latitude,NA,36,numeric
1977-01-01T00:00:00Z,tumi,NA,25533.326,numeric
1977-01-01T00:00:00Z,latitude,NA,36,numeric
1978-01-01T00:00:00Z,tumi,NA,22295.479,numeric
1978-01-01T00:00:00Z,latitude,NA,36,numeric
1979-01-01T00:00:00Z,tumi,NA,34631.03,numeric
1979-01-01T00:00:00Z,latitude,NA,36,numeric
1980-01-01T00:00:00Z,tumi,NA,34630.574,numeric
1980-01-01T00:00:00Z,latitude,NA,36,numeric
1981-01-01T00:00:00Z,tumi,NA,27133.766,numeric
1981-01-01T00:00:00Z,latitude,NA,36,numeric
1982-01-01T00:00:00Z,tumi,NA,18015.096,numeric
1982-01-01T00:00:00Z,latitude,NA,36,numeric
1983-01-01T00:00:00Z,tumi,NA,18699.229,numeric
1983-01-01T00:00:00Z,latitude,NA,36,numeric
1984-01-01T00:00:00Z,tumi,NA,30880.049,numeric
1984-01-01T00:00:00Z,latitude,NA,36,numeric
1985-01-01T00:00:00Z,tumi,NA,24506.559,numeric
1985-01-01T00:00:00Z,latitude,NA,36,numeric
1986-01-01T00:00:00Z,tumi,NA,20019.78,numeric
1986-01-01T00:00:00Z,latitude,NA,36,numeric
1987-01-01T00:00:00Z,tumi,NA,19719.25,numeric
1987-01-01T00:00:00Z,latitude,NA,36,numeric
1988-01-01T00:00:00Z,tumi,NA,21554.752,numeric
1988-01-01T00:00:00Z,latitude,NA,36,numeric
1989-01-01T00:00:00Z,tumi,NA,20281.729,numeric
1989-01-01T00:00:00Z,latitude,NA,36,numeric
1990-01-01T00:00:00Z,tumi,NA,23551.49,numeric
1990-01-01T00:00:00Z,latitude,NA,36,numeric
1991-01-01T00:00:00Z,tumi,NA,23039.232,numeric
1991-01-01T00:00:00Z,latitude,NA,36,numeric
1992-01-01T00:00:00Z,tumi,NA,18691.27,numeric
1992-01-01T00:00:00Z,latitude,NA,36,numeric
1993-01-01T00:00:00Z,tumi,NA,20580.13,numeric
1993-01-01T00:00:00Z,latitude,NA,36,numeric
1994-01-01T00:00:00Z,tumi,NA,27210.096,numeric
1994-01-01T00:00:00Z,latitude,NA,36,numeric
1995-01-01T00:00:00Z,tumi,NA,22016.166,numeric
1995-01-01T00:00:00Z,latitude,NA,36,numeric
1996-01-01T00:00:00Z,tumi,NA,26940.637,numeric
1996-01-01T00:00:00Z,latitude,NA,36,numeric
1997-01-01T00:00:00Z,tumi,NA,30979.611,numeric
1997-01-01T00:00:00Z,latitude,NA,36,numeric
1998-01-01T00:00:00Z,tumi,NA,27823.893,numeric
1998-01-01T00:00:00Z,latitude,NA,36,numeric
1999-01-01T00:00:00Z,tumi,NA,40715.67,numeric
1999-01-01T00:00:00Z,latitude,NA,36,numeric
2000-01-01T00:00:00Z,tumi,NA,31326.98,numeric
2000-01-01T00:00:00Z,latitude,NA,36,numeric
2001-01-01T00:00:00Z,tumi,NA,34905.715,numeric
2001-01-01T00:00:00Z,latitude,NA,36,numeric
2002-01-01T00:00:00Z,tumi,NA,36325.41,numeric
2002-01-01T00:00:00Z,latitude,NA,36,numeric
2003-01-01T00:00:00Z,tumi,NA,31174.607,numeric
2003-01-01T00:00:00Z,latitude,NA,36,numeric
2004-01-01T00:00:00Z,tumi,NA,20834.092,numeric
2004-01-01T00:00:00Z,latitude,NA,36,numeric
2005-01-01T00:00:00Z,tumi,NA,23799.523,numeric
2005-01-01T00:00:00Z,latitude,NA,36,numeric
2006-01-01T00:00:00Z,tumi,NA,26287.035,numeric
2006-01-01T00:00:00Z,latitude,NA,36,numeric
2007-01-01T00:00:00Z,tumi,NA,33331.312,numeric
2007-01-01T00:00:00Z,latitude,NA,36,numeric
2008-01-01T00:00:00Z,tumi,NA,29676.963,numeric
2008-01-01T00:00:00Z,latitude,NA,36,numeric
2009-01-01T00:00:00Z,tumi,NA,23387.674,numeric
2009-01-01T00:00:00Z,latitude,NA,36,numeric
2010-01-01T00:00:00Z,tumi,NA,21998.682,numeric
2010-01-01T00:00:00Z,latitude,NA,36,numeric
2011-01-01T00:00:00Z,tumi,NA,22780.89,numeric
2011-01-01T00:00:00Z,latitude,NA,36,numeric
2012-01-01T00:00:00Z,tumi,NA,35060.24,numeric
2012-01-01T00:00:00Z,latitude,NA,36,numeric
2013-01-01T00:00:00Z,tumi,NA,35922.297,numeric
2013-01-01T00:00:00Z,latitude,NA,36,numeric
2014-01-01T00:00:00Z,tumi,NA,21392.938,numeric
2014-01-01T00:00:00Z,latitude,NA,36,numeric
2015-01-01T00:00:00Z,tumi,NA,21062.652,numeric
2015-01-01T00:00:00Z,latitude,NA,36,numeric
2016-01-01T00:00:00Z,tumi,NA,26214.758,numeric
2016-01-01T00:00:00Z,latitude,NA,36,numeric
2017-01-01T00:00:00Z,tumi,NA,28019.752,numeric
2017-01-01T00:00:00Z,latitude,NA,36,numeric
2018-01-01T00:00:00Z,tumi,NA,29537.807,numeric
2018-01-01T00:00:00Z,latitude,NA,36,numeric
2019-01-01T00:00:00Z,tumi,NA,24152.193,numeric
2019-01-01T00:00:00Z,latitude,NA,36,numeric
2020-01-01T00:00:00Z,tumi,NA,26053.145,numeric
2020-01-01T00:00:00Z,latitude,NA,36,numeric
1967-01-01T00:00:00Z,tumi,NA,19814.732,numeric
1967-01-01T00:00:00Z,latitude,NA,39,numeric
1968-01-01T00:00:00Z,tumi,NA,22967.404,numeric
1968-01-01T00:00:00Z,latitude,NA,39,numeric
1969-01-01T00:00:00Z,tumi,NA,27850.96,numeric
1969-01-01T00:00:00Z,latitude,NA,39,numeric
1970-01-01T00:00:00Z,tumi,NA,27651.404,numeric
1970-01-01T00:00:00Z,latitude,NA,39,numeric
1971-01-01T00:00:00Z,tumi,NA,22188.023,numeric
1971-01-01T00:00:00Z,latitude,NA,39,numeric
1972-01-01T00:00:00Z,tumi,NA,25820.99,numeric
1972-01-01T00:00:00Z,latitude,NA,39,numeric
1973-01-01T00:00:00Z,tumi,NA,41400.664,numeric
1973-01-01T00:00:00Z,latitude,NA,39,numeric
1974-01-01T00:00:00Z,tumi,NA,33308.35,numeric
1974-01-01T00:00:00Z,latitude,NA,39,numeric
1975-01-01T00:00:00Z,tumi,NA,36601.74,numeric
1975-01-01T00:00:00Z,latitude,NA,39,numeric
1976-01-01T00:00:00Z,tumi,NA,35357.832,numeric
1976-01-01T00:00:00Z,latitude,NA,39,numeric
1977-01-01T00:00:00Z,tumi,NA,41268.613,numeric
1977-01-01T00:00:00Z,latitude,NA,39,numeric
1978-01-01T00:00:00Z,tumi,NA,40469.527,numeric
1978-01-01T00:00:00Z,latitude,NA,39,numeric
1979-01-01T00:00:00Z,tumi,NA,26631.674,numeric
1979-01-01T00:00:00Z,latitude,NA,39,numeric
1980-01-01T00:00:00Z,tumi,NA,35663.89,numeric
1980-01-01T00:00:00Z,latitude,NA,39,numeric
1981-01-01T00:00:00Z,tumi,NA,25100.615,numeric
1981-01-01T00:00:00Z,latitude,NA,39,numeric
1982-01-01T00:00:00Z,tumi,NA,17004.041,numeric
1982-01-01T00:00:00Z,latitude,NA,39,numeric
1983-01-01T00:00:00Z,tumi,NA,16314.474,numeric
1983-01-01T00:00:00Z,latitude,NA,39,numeric
1984-01-01T00:00:00Z,tumi,NA,22219.273,numeric
1984-01-01T00:00:00Z,latitude,NA,39,numeric
1985-01-01T00:00:00Z,tumi,NA,21444.346,numeric
1985-01-01T00:00:00Z,latitude,NA,39,numeric
1986-01-01T00:00:00Z,tumi,NA,18338.775,numeric
1986-01-01T00:00:00Z,latitude,NA,39,numeric
1987-01-01T00:00:00Z,tumi,NA,17978.04,numeric
1987-01-01T00:00:00Z,latitude,NA,39,numeric
1988-01-01T00:00:00Z,tumi,NA,20042.217,numeric
1988-01-01T00:00:00Z,latitude,NA,39,numeric
1989-01-01T00:00:00Z,tumi,NA,18776.94,numeric
1989-01-01T00:00:00Z,latitude,NA,39,numeric
1990-01-01T00:00:00Z,tumi,NA,19430.516,numeric
1990-01-01T00:00:00Z,latitude,NA,39,numeric
1991-01-01T00:00:00Z,tumi,NA,24755.953,numeric
1991-01-01T00:00:00Z,latitude,NA,39,numeric
1992-01-01T00:00:00Z,tumi,NA,17647.084,numeric
1992-01-01T00:00:00Z,latitude,NA,39,numeric
1993-01-01T00:00:00Z,tumi,NA,18616.6,numeric
1993-01-01T00:00:00Z,latitude,NA,39,numeric
1994-01-01T00:00:00Z,tumi,NA,23635.621,numeric
1994-01-01T00:00:00Z,latitude,NA,39,numeric
1995-01-01T00:00:00Z,tumi,NA,22262.66,numeric
1995-01-01T00:00:00Z,latitude,NA,39,numeric
1996-01-01T00:00:00Z,tumi,NA,27122.676,numeric
1996-01-01T00:00:00Z,latitude,NA,39,numeric
1997-01-01T00:00:00Z,tumi,NA,34721.305,numeric
1997-01-01T00:00:00Z,latitude,NA,39,numeric
1998-01-01T00:00:00Z,tumi,NA,31879.764,numeric
1998-01-01T00:00:00Z,latitude,NA,39,numeric
1999-01-01T00:00:00Z,tumi,NA,49233.348,numeric
1999-01-01T00:00:00Z,latitude,NA,39,numeric
2000-01-01T00:00:00Z,tumi,NA,40918.758,numeric
2000-01-01T00:00:00Z,latitude,NA,39,numeric
2001-01-01T00:00:00Z,tumi,NA,52967.25,numeric
2001-01-01T00:00:00Z,latitude,NA,39,numeric
2002-01-01T00:00:00Z,tumi,NA,50840.32,numeric
2002-01-01T00:00:00Z,latitude,NA,39,numeric
2003-01-01T00:00:00Z,tumi,NA,39951.76,numeric
2003-01-01T00:00:00Z,latitude,NA,39,numeric
2004-01-01T00:00:00Z,tumi,NA,27623.623,numeric
2004-01-01T00:00:00Z,latitude,NA,39,numeric
2005-01-01T00:00:00Z,tumi,NA,27638.475,numeric
2005-01-01T00:00:00Z,latitude,NA,39,numeric
2006-01-01T00:00:00Z,tumi,NA,34846.223,numeric
2006-01-01T00:00:00Z,latitude,NA,39,numeric
2007-01-01T00:00:00Z,tumi,NA,38014.363,numeric
2007-01-01T00:00:00Z,latitude,NA,39,numeric
2008-01-01T00:00:00Z,tumi,NA,44466.11,numeric
2008-01-01T00:00:00Z,latitude,NA,39,numeric
2009-01-01T00:00:00Z,tumi,NA,36092.21,numeric
2009-01-01T00:00:00Z,latitude,NA,39,numeric
2010-01-01T00:00:00Z,tumi,NA,34427.07,numeric
2010-01-01T00:00:00Z,latitude,NA,39,numeric
2011-01-01T00:00:00Z,tumi,NA,36652.11,numeric
2011-01-01T00:00:00Z,latitude,NA,39,numeric
2012-01-01T00:00:00Z,tumi,NA,43403.72,numeric
2012-01-01T00:00:00Z,latitude,NA,39,numeric
2013-01-01T00:00:00Z,tumi,NA,55104.24,numeric
2013-01-01T00:00:00Z,latitude,NA,39,numeric
2014-01-01T00:00:00Z,tumi,NA,40328.61,numeric
2014-01-01T00:00:00Z,latitude,NA,39,numeric
2015-01-01T00:00:00Z,tumi,NA,37551.64,numeric
2015-01-01T00:00:00Z,latitude,NA,39,numeric
2016-01-01T00:00:00Z,tumi,NA,39387.656,numeric
2016-01-01T00:00:00Z,latitude,NA,39,numeric
2017-01-01T00:00:00Z,tumi,NA,41622.9,numeric
2017-01-01T00:00:00Z,latitude,NA,39,numeric
2018-01-01T00:00:00Z,tumi,NA,46342.496,numeric
2018-01-01T00:00:00Z,latitude,NA,39,numeric
2019-01-01T00:00:00Z,tumi,NA,45533.598,numeric
2019-01-01T00:00:00Z,latitude,NA,39,numeric
2020-01-01T00:00:00Z,tumi,NA,48652.004,numeric
2020-01-01T00:00:00Z,latitude,NA,39,numeric
1967-01-01T00:00:00Z,tumi,NA,17136.447,numeric
1967-01-01T00:00:00Z,latitude,NA,42,numeric
1968-01-01T00:00:00Z,tumi,NA,18825.115,numeric
1968-01-01T00:00:00Z,latitude,NA,42,numeric
1969-01-01T00:00:00Z,tumi,NA,17219.63,numeric
1969-01-01T00:00:00Z,latitude,NA,42,numeric
1970-01-01T00:00:00Z,tumi,NA,20791.846,numeric
1970-01-01T00:00:00Z,latitude,NA,42,numeric
1971-01-01T00:00:00Z,tumi,NA,12948.162,numeric
1971-01-01T00:00:00Z,latitude,NA,42,numeric
1972-01-01T00:00:00Z,tumi,NA,15740.569,numeric
1972-01-01T00:00:00Z,latitude,NA,42,numeric
1973-01-01T00:00:00Z,tumi,NA,22014.402,numeric
1973-01-01T00:00:00Z,latitude,NA,42,numeric
1974-01-01T00:00:00Z,tumi,NA,18111.031,numeric
1974-01-01T00:00:00Z,latitude,NA,42,numeric
1975-01-01T00:00:00Z,tumi,NA,20035.402,numeric
1975-01-01T00:00:00Z,latitude,NA,42,numeric
1976-01-01T00:00:00Z,tumi,NA,15560.373,numeric
1976-01-01T00:00:00Z,latitude,NA,42,numeric
1977-01-01T00:00:00Z,tumi,NA,18670.834,numeric
1977-01-01T00:00:00Z,latitude,NA,42,numeric
1978-01-01T00:00:00Z,tumi,NA,17605.648,numeric
1978-01-01T00:00:00Z,latitude,NA,42,numeric
1979-01-01T00:00:00Z,tumi,NA,12796.713,numeric
1979-01-01T00:00:00Z,latitude,NA,42,numeric
1980-01-01T00:00:00Z,tumi,NA,17247.053,numeric
1980-01-01T00:00:00Z,latitude,NA,42,numeric
1981-01-01T00:00:00Z,tumi,NA,12587.243,numeric
1981-01-01T00:00:00Z,latitude,NA,42,numeric
1982-01-01T00:00:00Z,tumi,NA,12710.717,numeric
1982-01-01T00:00:00Z,latitude,NA,42,numeric
1983-01-01T00:00:00Z,tumi,NA,8767.382,numeric
1983-01-01T00:00:00Z,latitude,NA,42,numeric
1984-01-01T00:00:00Z,tumi,NA,10365.242,numeric
1984-01-01T00:00:00Z,latitude,NA,42,numeric
1985-01-01T00:00:00Z,tumi,NA,11654.947,numeric
1985-01-01T00:00:00Z,latitude,NA,42,numeric
1986-01-01T00:00:00Z,tumi,NA,9457.559,numeric
1986-01-01T00:00:00Z,latitude,NA,42,numeric
1987-01-01T00:00:00Z,tumi,NA,12335.412,numeric
1987-01-01T00:00:00Z,latitude,NA,42,numeric
1988-01-01T00:00:00Z,tumi,NA,10319.557,numeric
1988-01-01T00:00:00Z,latitude,NA,42,numeric
1989-01-01T00:00:00Z,tumi,NA,14366.756,numeric
1989-01-01T00:00:00Z,latitude,NA,42,numeric
1990-01-01T00:00:00Z,tumi,NA,11769.536,numeric
1990-01-01T00:00:00Z,latitude,NA,42,numeric
1991-01-01T00:00:00Z,tumi,NA,15987.885,numeric
1991-01-01T00:00:00Z,latitude,NA,42,numeric
1992-01-01T00:00:00Z,tumi,NA,12618.757,numeric
1992-01-01T00:00:00Z,latitude,NA,42,numeric
1993-01-01T00:00:00Z,tumi,NA,13479.481,numeric
1993-01-01T00:00:00Z,latitude,NA,42,numeric
1994-01-01T00:00:00Z,tumi,NA,12344.115,numeric
1994-01-01T00:00:00Z,latitude,NA,42,numeric
1995-01-01T00:00:00Z,tumi,NA,12563.115,numeric
1995-01-01T00:00:00Z,latitude,NA,42,numeric
1996-01-01T00:00:00Z,tumi,NA,15823.736,numeric
1996-01-01T00:00:00Z,latitude,NA,42,numeric
1997-01-01T00:00:00Z,tumi,NA,14775.175,numeric
1997-01-01T00:00:00Z,latitude,NA,42,numeric
1998-01-01T00:00:00Z,tumi,NA,21623.701,numeric
1998-01-01T00:00:00Z,latitude,NA,42,numeric
1999-01-01T00:00:00Z,tumi,NA,32776.547,numeric
1999-01-01T00:00:00Z,latitude,NA,42,numeric
2000-01-01T00:00:00Z,tumi,NA,28397.566,numeric
2000-01-01T00:00:00Z,latitude,NA,42,numeric
2001-01-01T00:00:00Z,tumi,NA,37670.25,numeric
2001-01-01T00:00:00Z,latitude,NA,42,numeric
2002-01-01T00:00:00Z,tumi,NA,35755.48,numeric
2002-01-01T00:00:00Z,latitude,NA,42,numeric
2003-01-01T00:00:00Z,tumi,NA,35442.574,numeric
2003-01-01T00:00:00Z,latitude,NA,42,numeric
2004-01-01T00:00:00Z,tumi,NA,13849.239,numeric
2004-01-01T00:00:00Z,latitude,NA,42,numeric
2005-01-01T00:00:00Z,tumi,NA,15137.811,numeric
2005-01-01T00:00:00Z,latitude,NA,42,numeric
2006-01-01T00:00:00Z,tumi,NA,24917.064,numeric
2006-01-01T00:00:00Z,latitude,NA,42,numeric
2007-01-01T00:00:00Z,tumi,NA,19040.18,numeric
2007-01-01T00:00:00Z,latitude,NA,42,numeric
2008-01-01T00:00:00Z,tumi,NA,23152.389,numeric
2008-01-01T00:00:00Z,latitude,NA,42,numeric
2009-01-01T00:00:00Z,tumi,NA,17909.834,numeric
2009-01-01T00:00:00Z,latitude,NA,42,numeric
2010-01-01T00:00:00Z,tumi,NA,16661.645,numeric
2010-01-01T00:00:00Z,latitude,NA,42,numeric
2011-01-01T00:00:00Z,tumi,NA,15528.3125,numeric
2011-01-01T00:00:00Z,latitude,NA,42,numeric
2012-01-01T00:00:00Z,tumi,NA,21607.352,numeric
2012-01-01T00:00:00Z,latitude,NA,42,numeric
2013-01-01T00:00:00Z,tumi,NA,29258.688,numeric
2013-01-01T00:00:00Z,latitude,NA,42,numeric
2014-01-01T00:00:00Z,tumi,NA,25301.203,numeric
2014-01-01T00:00:00Z,latitude,NA,42,numeric
2015-01-01T00:00:00Z,tumi,NA,26234.352,numeric
2015-01-01T00:00:00Z,latitude,NA,42,numeric
2016-01-01T00:00:00Z,tumi,NA,22812.057,numeric
2016-01-01T00:00:00Z,latitude,NA,42,numeric
2017-01-01T00:00:00Z,tumi,NA,21244.781,numeric
2017-01-01T00:00:00Z,latitude,NA,42,numeric
2018-01-01T00:00:00Z,tumi,NA,23008.223,numeric
2018-01-01T00:00:00Z,latitude,NA,42,numeric
2019-01-01T00:00:00Z,tumi,NA,23132.922,numeric
2019-01-01T00:00:00Z,latitude,NA,42,numeric
2020-01-01T00:00:00Z,tumi,NA,25505.71,numeric
2020-01-01T00:00:00Z,latitude,NA,42,numeric
1967-01-01T00:00:00Z,tumi,NA,10259.731,numeric
1967-01-01T00:00:00Z,latitude,NA,45,numeric
1968-01-01T00:00:00Z,tumi,NA,9133.83,numeric
1968-01-01T00:00:00Z,latitude,NA,45,numeric
1969-01-01T00:00:00Z,tumi,NA,6567.234,numeric
1969-01-01T00:00:00Z,latitude,NA,45,numeric
1970-01-01T00:00:00Z,tumi,NA,9135.859,numeric
1970-01-01T00:00:00Z,latitude,NA,45,numeric
1971-01-01T00:00:00Z,tumi,NA,5446.5015,numeric
1971-01-01T00:00:00Z,latitude,NA,45,numeric
1972-01-01T00:00:00Z,tumi,NA,6412.79,numeric
1972-01-01T00:00:00Z,latitude,NA,45,numeric
1973-01-01T00:00:00Z,tumi,NA,7765.874,numeric
1973-01-01T00:00:00Z,latitude,NA,45,numeric
1974-01-01T00:00:00Z,tumi,NA,6977.5054,numeric
1974-01-01T00:00:00Z,latitude,NA,45,numeric
1975-01-01T00:00:00Z,tumi,NA,8047.5107,numeric
1975-01-01T00:00:00Z,latitude,NA,45,numeric
1976-01-01T00:00:00Z,tumi,NA,4795.705,numeric
1976-01-01T00:00:00Z,latitude,NA,45,numeric
1977-01-01T00:00:00Z,tumi,NA,6417.8857,numeric
1977-01-01T00:00:00Z,latitude,NA,45,numeric
1978-01-01T00:00:00Z,tumi,NA,4710.117,numeric
1978-01-01T00:00:00Z,latitude,NA,45,numeric
1979-01-01T00:00:00Z,tumi,NA,4967.299,numeric
1979-01-01T00:00:00Z,latitude,NA,45,numeric
1980-01-01T00:00:00Z,tumi,NA,7219.8403,numeric
1980-01-01T00:00:00Z,latitude,NA,45,numeric
1981-01-01T00:00:00Z,tumi,NA,2447.9902,numeric
1981-01-01T00:00:00Z,latitude,NA,45,numeric
1982-01-01T00:00:00Z,tumi,NA,3797.3655,numeric
1982-01-01T00:00:00Z,latitude,NA,45,numeric
1983-01-01T00:00:00Z,tumi,NA,2209.4275,numeric
1983-01-01T00:00:00Z,latitude,NA,45,numeric
1984-01-01T00:00:00Z,tumi,NA,3157.1763,numeric
1984-01-01T00:00:00Z,latitude,NA,45,numeric
1985-01-01T00:00:00Z,tumi,NA,4642.365,numeric
1985-01-01T00:00:00Z,latitude,NA,45,numeric
1986-01-01T00:00:00Z,tumi,NA,4333.1387,numeric
1986-01-01T00:00:00Z,latitude,NA,45,numeric
1987-01-01T00:00:00Z,tumi,NA,4741.0835,numeric
1987-01-01T00:00:00Z,latitude,NA,45,numeric
1988-01-01T00:00:00Z,tumi,NA,3079.5928,numeric
1988-01-01T00:00:00Z,latitude,NA,45,numeric
1989-01-01T00:00:00Z,tumi,NA,6020.5693,numeric
1989-01-01T00:00:00Z,latitude,NA,45,numeric
1990-01-01T00:00:00Z,tumi,NA,4336.3354,numeric
1990-01-01T00:00:00Z,latitude,NA,45,numeric
1991-01-01T00:00:00Z,tumi,NA,4904.332,numeric
1991-01-01T00:00:00Z,latitude,NA,45,numeric
1992-01-01T00:00:00Z,tumi,NA,4969.008,numeric
1992-01-01T00:00:00Z,latitude,NA,45,numeric
1993-01-01T00:00:00Z,tumi,NA,4018.0679,numeric
1993-01-01T00:00:00Z,latitude,NA,45,numeric
1994-01-01T00:00:00Z,tumi,NA,3630.7368,numeric
1994-01-01T00:00:00Z,latitude,NA,45,numeric
1995-01-01T00:00:00Z,tumi,NA,4346.176,numeric
1995-01-01T00:00:00Z,latitude,NA,45,numeric
1996-01-01T00:00:00Z,tumi,NA,6190.4395,numeric
1996-01-01T00:00:00Z,latitude,NA,45,numeric
1997-01-01T00:00:00Z,tumi,NA,2216.8938,numeric
1997-01-01T00:00:00Z,latitude,NA,45,numeric
1998-01-01T00:00:00Z,tumi,NA,7023.1187,numeric
1998-01-01T00:00:00Z,latitude,NA,45,numeric
1999-01-01T00:00:00Z,tumi,NA,8364.607,numeric
1999-01-01T00:00:00Z,latitude,NA,45,numeric
2000-01-01T00:00:00Z,tumi,NA,5748.053,numeric
2000-01-01T00:00:00Z,latitude,NA,45,numeric
2001-01-01T00:00:00Z,tumi,NA,7576.788,numeric
2001-01-01T00:00:00Z,latitude,NA,45,numeric
2002-01-01T00:00:00Z,tumi,NA,7877.336,numeric
2002-01-01T00:00:00Z,latitude,NA,45,numeric
2003-01-01T00:00:00Z,tumi,NA,6922.2456,numeric
2003-01-01T00:00:00Z,latitude,NA,45,numeric
2004-01-01T00:00:00Z,tumi,NA,4162.3125,numeric
2004-01-01T00:00:00Z,latitude,NA,45,numeric
2005-01-01T00:00:00Z,tumi,NA,5594.6147,numeric
2005-01-01T00:00:00Z,latitude,NA,45,numeric
2006-01-01T00:00:00Z,tumi,NA,9743.174,numeric
2006-01-01T00:00:00Z,latitude,NA,45,numeric
2007-01-01T00:00:00Z,tumi,NA,4796.4067,numeric
2007-01-01T00:00:00Z,latitude,NA,45,numeric
2008-01-01T00:00:00Z,tumi,NA,5894.5938,numeric
2008-01-01T00:00:00Z,latitude,NA,45,numeric
2009-01-01T00:00:00Z,tumi,NA,4870.2544,numeric
2009-01-01T00:00:00Z,latitude,NA,45,numeric
2010-01-01T00:00:00Z,tumi,NA,3673.9475,numeric
2010-01-01T00:00:00Z,latitude,NA,45,numeric
2011-01-01T00:00:00Z,tumi,NA,3429.8262,numeric
2011-01-01T00:00:00Z,latitude,NA,45,numeric
2012-01-01T00:00:00Z,tumi,NA,6139.5625,numeric
2012-01-01T00:00:00Z,latitude,NA,45,numeric
2013-01-01T00:00:00Z,tumi,NA,4729.8184,numeric
2013-01-01T00:00:00Z,latitude,NA,45,numeric
2014-01-01T00:00:00Z,tumi,NA,5309.7935,numeric
2014-01-01T00:00:00Z,latitude,NA,45,numeric
2015-01-01T00:00:00Z,tumi,NA,6644.86,numeric
2015-01-01T00:00:00Z,latitude,NA,45,numeric
2016-01-01T00:00:00Z,tumi,NA,5521.3086,numeric
2016-01-01T00:00:00Z,latitude,NA,45,numeric
2017-01-01T00:00:00Z,tumi,NA,4459.5127,numeric
2017-01-01T00:00:00Z,latitude,NA,45,numeric
2018-01-01T00:00:00Z,tumi,NA,4416.2446,numeric
2018-01-01T00:00:00Z,latitude,NA,45,numeric
2019-01-01T00:00:00Z,tumi,NA,3623.9434,numeric
2019-01-01T00:00:00Z,latitude,NA,45,numeric
2020-01-01T00:00:00Z,tumi,NA,2758.6465,numeric
2020-01-01T00:00:00Z,latitude,NA,45,numeric
1967-01-01T00:00:00Z,tumi,NA,5707.161,numeric
1967-01-01T00:00:00Z,latitude,NA,48,numeric
1968-01-01T00:00:00Z,tumi,NA,5037.7344,numeric
1968-01-01T00:00:00Z,latitude,NA,48,numeric
1969-01-01T00:00:00Z,tumi,NA,3947.232,numeric
1969-01-01T00:00:00Z,latitude,NA,48,numeric
1970-01-01T00:00:00Z,tumi,NA,4734.571,numeric
1970-01-01T00:00:00Z,latitude,NA,48,numeric
1971-01-01T00:00:00Z,tumi,NA,2491.4368,numeric
1971-01-01T00:00:00Z,latitude,NA,48,numeric
1972-01-01T00:00:00Z,tumi,NA,2775.95,numeric
1972-01-01T00:00:00Z,latitude,NA,48,numeric
1973-01-01T00:00:00Z,tumi,NA,3540.3684,numeric
1973-01-01T00:00:00Z,latitude,NA,48,numeric
1974-01-01T00:00:00Z,tumi,NA,3097.241,numeric
1974-01-01T00:00:00Z,latitude,NA,48,numeric
1975-01-01T00:00:00Z,tumi,NA,4200.953,numeric
1975-01-01T00:00:00Z,latitude,NA,48,numeric
1976-01-01T00:00:00Z,tumi,NA,1524.9546,numeric
1976-01-01T00:00:00Z,latitude,NA,48,numeric
1977-01-01T00:00:00Z,tumi,NA,3418.654,numeric
1977-01-01T00:00:00Z,latitude,NA,48,numeric
1978-01-01T00:00:00Z,tumi,NA,3046.9824,numeric
1978-01-01T00:00:00Z,latitude,NA,48,numeric
1979-01-01T00:00:00Z,tumi,NA,4117.659,numeric
1979-01-01T00:00:00Z,latitude,NA,48,numeric
1980-01-01T00:00:00Z,tumi,NA,5133.157,numeric
1980-01-01T00:00:00Z,latitude,NA,48,numeric
1981-01-01T00:00:00Z,tumi,NA,1909.3933,numeric
1981-01-01T00:00:00Z,latitude,NA,48,numeric
1982-01-01T00:00:00Z,tumi,NA,3131.7473,numeric
1982-01-01T00:00:00Z,latitude,NA,48,numeric
1983-01-01T00:00:00Z,tumi,NA,2140.5972,numeric
1983-01-01T00:00:00Z,latitude,NA,48,numeric
1984-01-01T00:00:00Z,tumi,NA,2424.911,numeric
1984-01-01T00:00:00Z,latitude,NA,48,numeric
1985-01-01T00:00:00Z,tumi,NA,4363.011,numeric
1985-01-01T00:00:00Z,latitude,NA,48,numeric
1986-01-01T00:00:00Z,tumi,NA,4082.3914,numeric
1986-01-01T00:00:00Z,latitude,NA,48,numeric
1987-01-01T00:00:00Z,tumi,NA,3506.2297,numeric
1987-01-01T00:00:00Z,latitude,NA,48,numeric
1988-01-01T00:00:00Z,tumi,NA,902.2917,numeric
1988-01-01T00:00:00Z,latitude,NA,48,numeric
1989-01-01T00:00:00Z,tumi,NA,3731.1157,numeric
1989-01-01T00:00:00Z,latitude,NA,48,numeric
1990-01-01T00:00:00Z,tumi,NA,2428.974,numeric
1990-01-01T00:00:00Z,latitude,NA,48,numeric
1991-01-01T00:00:00Z,tumi,NA,2073.2454,numeric
1991-01-01T00:00:00Z,latitude,NA,48,numeric
1992-01-01T00:00:00Z,tumi,NA,3761.3987,numeric
1992-01-01T00:00:00Z,latitude,NA,48,numeric
1993-01-01T00:00:00Z,tumi,NA,2550.9204,numeric
1993-01-01T00:00:00Z,latitude,NA,48,numeric
1994-01-01T00:00:00Z,tumi,NA,1830.6461,numeric
1994-01-01T00:00:00Z,latitude,NA,48,numeric
1995-01-01T00:00:00Z,tumi,NA,2790.1516,numeric
1995-01-01T00:00:00Z,latitude,NA,48,numeric
1996-01-01T00:00:00Z,tumi,NA,3863.6333,numeric
1996-01-01T00:00:00Z,latitude,NA,48,numeric
1997-01-01T00:00:00Z,tumi,NA,1035.1107,numeric
1997-01-01T00:00:00Z,latitude,NA,48,numeric
1998-01-01T00:00:00Z,tumi,NA,3326.206,numeric
1998-01-01T00:00:00Z,latitude,NA,48,numeric
1999-01-01T00:00:00Z,tumi,NA,3550.1877,numeric
1999-01-01T00:00:00Z,latitude,NA,48,numeric
2000-01-01T00:00:00Z,tumi,NA,1999.2142,numeric
2000-01-01T00:00:00Z,latitude,NA,48,numeric
2001-01-01T00:00:00Z,tumi,NA,2765.7263,numeric
2001-01-01T00:00:00Z,latitude,NA,48,numeric
2002-01-01T00:00:00Z,tumi,NA,2735.5386,numeric
2002-01-01T00:00:00Z,latitude,NA,48,numeric
2003-01-01T00:00:00Z,tumi,NA,1939.8546,numeric
2003-01-01T00:00:00Z,latitude,NA,48,numeric
2004-01-01T00:00:00Z,tumi,NA,2296.5022,numeric
2004-01-01T00:00:00Z,latitude,NA,48,numeric
2005-01-01T00:00:00Z,tumi,NA,2731.2468,numeric
2005-01-01T00:00:00Z,latitude,NA,48,numeric
2006-01-01T00:00:00Z,tumi,NA,5621.848,numeric
2006-01-01T00:00:00Z,latitude,NA,48,numeric
2007-01-01T00:00:00Z,tumi,NA,2671.4573,numeric
2007-01-01T00:00:00Z,latitude,NA,48,numeric
2008-01-01T00:00:00Z,tumi,NA,2954.081,numeric
2008-01-01T00:00:00Z,latitude,NA,48,numeric
2009-01-01T00:00:00Z,tumi,NA,2516.7869,numeric
2009-01-01T00:00:00Z,latitude,NA,48,numeric
2010-01-01T00:00:00Z,tumi,NA,1829.7424,numeric
2010-01-01T00:00:00Z,latitude,NA,48,numeric
2011-01-01T00:00:00Z,tumi,NA,954.7695,numeric
2011-01-01T00:00:00Z,latitude,NA,48,numeric
2012-01-01T00:00:00Z,tumi,NA,1482.2009,numeric
2012-01-01T00:00:00Z,latitude,NA,48,numeric
2013-01-01T00:00:00Z,tumi,NA,1648.2156,numeric
2013-01-01T00:00:00Z,latitude,NA,48,numeric
2014-01-01T00:00:00Z,tumi,NA,1860.8489,numeric
2014-01-01T00:00:00Z,latitude,NA,48,numeric
2015-01-01T00:00:00Z,tumi,NA,2480.3047,numeric
2015-01-01T00:00:00Z,latitude,NA,48,numeric
2016-01-01T00:00:00Z,tumi,NA,2195.2634,numeric
2016-01-01T00:00:00Z,latitude,NA,48,numeric
2017-01-01T00:00:00Z,tumi,NA,1374.4407,numeric
2017-01-01T00:00:00Z,latitude,NA,48,numeric
2018-01-01T00:00:00Z,tumi,NA,1564.3604,numeric
2018-01-01T00:00:00Z,latitude,NA,48,numeric
2019-01-01T00:00:00Z,tumi,NA,1281.425,numeric
2019-01-01T00:00:00Z,latitude,NA,48,numeric
2020-01-01T00:00:00Z,tumi,NA,564.6994,numeric
2020-01-01T00:00:00Z,latitude,NA,48,numeric
