time,variable,value_character,value_type,value_numeric
2020-01-01T00:00:00Z,species_group,larval_anchovy,character,NA
2019-01-01T00:00:00Z,species_group,larval_anchovy,character,NA
2018-01-01T00:00:00Z,species_group,larval_anchovy,character,NA
2017-01-01T00:00:00Z,species_group,larval_anchovy,character,NA
2016-01-01T00:00:00Z,species_group,larval_anchovy,character,NA
2015-01-01T00:00:00Z,species_group,larval_anchovy,character,NA
2014-01-01T00:00:00Z,species_group,larval_anchovy,character,NA
2013-01-01T00:00:00Z,species_group,larval_anchovy,character,NA
2012-01-01T00:00:00Z,species_group,larval_anchovy,character,NA
2011-01-01T00:00:00Z,species_group,larval_anchovy,character,NA
2010-01-01T00:00:00Z,species_group,larval_anchovy,character,NA
2009-01-01T00:00:00Z,species_group,larval_anchovy,character,NA
2008-01-01T00:00:00Z,species_group,larval_anchovy,character,NA
2007-01-01T00:00:00Z,species_group,larval_anchovy,character,NA
2006-01-01T00:00:00Z,species_group,larval_anchovy,character,NA
2005-01-01T00:00:00Z,species_group,larval_anchovy,character,NA
2004-01-01T00:00:00Z,species_group,larval_anchovy,character,NA
2003-01-01T00:00:00Z,species_group,larval_anchovy,character,NA
2002-01-01T00:00:00Z,species_group,larval_anchovy,character,NA
2001-01-01T00:00:00Z,species_group,larval_anchovy,character,NA
2000-01-01T00:00:00Z,species_group,larval_anchovy,character,NA
1999-01-01T00:00:00Z,species_group,larval_anchovy,character,NA
1998-01-01T00:00:00Z,species_group,larval_anchovy,character,NA
2020-01-01T00:00:00Z,species_group,larval_sardine,character,NA
2019-01-01T00:00:00Z,species_group,larval_sardine,character,NA
2018-01-01T00:00:00Z,species_group,larval_sardine,character,NA
2017-01-01T00:00:00Z,species_group,larval_sardine,character,NA
2016-01-01T00:00:00Z,species_group,larval_sardine,character,NA
2015-01-01T00:00:00Z,species_group,larval_sardine,character,NA
2014-01-01T00:00:00Z,species_group,larval_sardine,character,NA
2013-01-01T00:00:00Z,species_group,larval_sardine,character,NA
2012-01-01T00:00:00Z,species_group,larval_sardine,character,NA
2011-01-01T00:00:00Z,species_group,larval_sardine,character,NA
2010-01-01T00:00:00Z,species_group,larval_sardine,character,NA
2009-01-01T00:00:00Z,species_group,larval_sardine,character,NA
2008-01-01T00:00:00Z,species_group,larval_sardine,character,NA
2007-01-01T00:00:00Z,species_group,larval_sardine,character,NA
2006-01-01T00:00:00Z,species_group,larval_sardine,character,NA
2005-01-01T00:00:00Z,species_group,larval_sardine,character,NA
2004-01-01T00:00:00Z,species_group,larval_sardine,character,NA
2003-01-01T00:00:00Z,species_group,larval_sardine,character,NA
2002-01-01T00:00:00Z,species_group,larval_sardine,character,NA
2001-01-01T00:00:00Z,species_group,larval_sardine,character,NA
2000-01-01T00:00:00Z,species_group,larval_sardine,character,NA
1999-01-01T00:00:00Z,species_group,larval_sardine,character,NA
1998-01-01T00:00:00Z,species_group,larval_sardine,character,NA
2020-01-01T00:00:00Z,species_group,larval_hake,character,NA
2019-01-01T00:00:00Z,species_group,larval_hake,character,NA
2018-01-01T00:00:00Z,species_group,larval_hake,character,NA
2017-01-01T00:00:00Z,species_group,larval_hake,character,NA
2016-01-01T00:00:00Z,species_group,larval_hake,character,NA
2015-01-01T00:00:00Z,species_group,larval_hake,character,NA
2014-01-01T00:00:00Z,species_group,larval_hake,character,NA
2013-01-01T00:00:00Z,species_group,larval_hake,character,NA
2012-01-01T00:00:00Z,species_group,larval_hake,character,NA
2011-01-01T00:00:00Z,species_group,larval_hake,character,NA
2010-01-01T00:00:00Z,species_group,larval_hake,character,NA
2009-01-01T00:00:00Z,species_group,larval_hake,character,NA
2008-01-01T00:00:00Z,species_group,larval_hake,character,NA
2007-01-01T00:00:00Z,species_group,larval_hake,character,NA
2006-01-01T00:00:00Z,species_group,larval_hake,character,NA
2005-01-01T00:00:00Z,species_group,larval_hake,character,NA
2004-01-01T00:00:00Z,species_group,larval_hake,character,NA
2003-01-01T00:00:00Z,species_group,larval_hake,character,NA
2002-01-01T00:00:00Z,species_group,larval_hake,character,NA
2001-01-01T00:00:00Z,species_group,larval_hake,character,NA
2000-01-01T00:00:00Z,species_group,larval_hake,character,NA
1999-01-01T00:00:00Z,species_group,larval_hake,character,NA
1998-01-01T00:00:00Z,species_group,larval_hake,character,NA
2020-01-01T00:00:00Z,species_group,larval_pac_jack_mackerel,character,NA
2019-01-01T00:00:00Z,species_group,larval_pac_jack_mackerel,character,NA
2018-01-01T00:00:00Z,species_group,larval_pac_jack_mackerel,character,NA
2017-01-01T00:00:00Z,species_group,larval_pac_jack_mackerel,character,NA
2016-01-01T00:00:00Z,species_group,larval_pac_jack_mackerel,character,NA
2015-01-01T00:00:00Z,species_group,larval_pac_jack_mackerel,character,NA
2014-01-01T00:00:00Z,species_group,larval_pac_jack_mackerel,character,NA
2013-01-01T00:00:00Z,species_group,larval_pac_jack_mackerel,character,NA
2012-01-01T00:00:00Z,species_group,larval_pac_jack_mackerel,character,NA
2011-01-01T00:00:00Z,species_group,larval_pac_jack_mackerel,character,NA
2010-01-01T00:00:00Z,species_group,larval_pac_jack_mackerel,character,NA
2009-01-01T00:00:00Z,species_group,larval_pac_jack_mackerel,character,NA
2008-01-01T00:00:00Z,species_group,larval_pac_jack_mackerel,character,NA
2007-01-01T00:00:00Z,species_group,larval_pac_jack_mackerel,character,NA
2006-01-01T00:00:00Z,species_group,larval_pac_jack_mackerel,character,NA
2005-01-01T00:00:00Z,species_group,larval_pac_jack_mackerel,character,NA
2004-01-01T00:00:00Z,species_group,larval_pac_jack_mackerel,character,NA
2003-01-01T00:00:00Z,species_group,larval_pac_jack_mackerel,character,NA
2002-01-01T00:00:00Z,species_group,larval_pac_jack_mackerel,character,NA
2001-01-01T00:00:00Z,species_group,larval_pac_jack_mackerel,character,NA
2000-01-01T00:00:00Z,species_group,larval_pac_jack_mackerel,character,NA
1999-01-01T00:00:00Z,species_group,larval_pac_jack_mackerel,character,NA
1998-01-01T00:00:00Z,species_group,larval_pac_jack_mackerel,character,NA
2020-01-01T00:00:00Z,species_group,larval_sanddab,character,NA
2019-01-01T00:00:00Z,species_group,larval_sanddab,character,NA
2018-01-01T00:00:00Z,species_group,larval_sanddab,character,NA
2017-01-01T00:00:00Z,species_group,larval_sanddab,character,NA
2016-01-01T00:00:00Z,species_group,larval_sanddab,character,NA
2015-01-01T00:00:00Z,species_group,larval_sanddab,character,NA
2014-01-01T00:00:00Z,species_group,larval_sanddab,character,NA
2013-01-01T00:00:00Z,species_group,larval_sanddab,character,NA
2012-01-01T00:00:00Z,species_group,larval_sanddab,character,NA
2011-01-01T00:00:00Z,species_group,larval_sanddab,character,NA
2010-01-01T00:00:00Z,species_group,larval_sanddab,character,NA
2009-01-01T00:00:00Z,species_group,larval_sanddab,character,NA
2008-01-01T00:00:00Z,species_group,larval_sanddab,character,NA
2007-01-01T00:00:00Z,species_group,larval_sanddab,character,NA
2006-01-01T00:00:00Z,species_group,larval_sanddab,character,NA
2005-01-01T00:00:00Z,species_group,larval_sanddab,character,NA
2004-01-01T00:00:00Z,species_group,larval_sanddab,character,NA
2003-01-01T00:00:00Z,species_group,larval_sanddab,character,NA
2002-01-01T00:00:00Z,species_group,larval_sanddab,character,NA
2001-01-01T00:00:00Z,species_group,larval_sanddab,character,NA
2000-01-01T00:00:00Z,species_group,larval_sanddab,character,NA
1999-01-01T00:00:00Z,species_group,larval_sanddab,character,NA
1998-01-01T00:00:00Z,species_group,larval_sanddab,character,NA
2020-01-01T00:00:00Z,species_group,larval_rockfish,character,NA
2019-01-01T00:00:00Z,species_group,larval_rockfish,character,NA
2018-01-01T00:00:00Z,species_group,larval_rockfish,character,NA
2017-01-01T00:00:00Z,species_group,larval_rockfish,character,NA
2016-01-01T00:00:00Z,species_group,larval_rockfish,character,NA
2015-01-01T00:00:00Z,species_group,larval_rockfish,character,NA
2014-01-01T00:00:00Z,species_group,larval_rockfish,character,NA
2013-01-01T00:00:00Z,species_group,larval_rockfish,character,NA
2012-01-01T00:00:00Z,species_group,larval_rockfish,character,NA
2011-01-01T00:00:00Z,species_group,larval_rockfish,character,NA
2010-01-01T00:00:00Z,species_group,larval_rockfish,character,NA
2009-01-01T00:00:00Z,species_group,larval_rockfish,character,NA
2008-01-01T00:00:00Z,species_group,larval_rockfish,character,NA
2007-01-01T00:00:00Z,species_group,larval_rockfish,character,NA
2006-01-01T00:00:00Z,species_group,larval_rockfish,character,NA
2005-01-01T00:00:00Z,species_group,larval_rockfish,character,NA
2004-01-01T00:00:00Z,species_group,larval_rockfish,character,NA
2003-01-01T00:00:00Z,species_group,larval_rockfish,character,NA
2002-01-01T00:00:00Z,species_group,larval_rockfish,character,NA
2001-01-01T00:00:00Z,species_group,larval_rockfish,character,NA
2000-01-01T00:00:00Z,species_group,larval_rockfish,character,NA
1999-01-01T00:00:00Z,species_group,larval_rockfish,character,NA
1998-01-01T00:00:00Z,species_group,larval_rockfish,character,NA
2020-01-01T00:00:00Z,species_group,larval_northern_lampfish,character,NA
2019-01-01T00:00:00Z,species_group,larval_northern_lampfish,character,NA
2018-01-01T00:00:00Z,species_group,larval_northern_lampfish,character,NA
2017-01-01T00:00:00Z,species_group,larval_northern_lampfish,character,NA
2016-01-01T00:00:00Z,species_group,larval_northern_lampfish,character,NA
2015-01-01T00:00:00Z,species_group,larval_northern_lampfish,character,NA
2014-01-01T00:00:00Z,species_group,larval_northern_lampfish,character,NA
2013-01-01T00:00:00Z,species_group,larval_northern_lampfish,character,NA
2012-01-01T00:00:00Z,species_group,larval_northern_lampfish,character,NA
2011-01-01T00:00:00Z,species_group,larval_northern_lampfish,character,NA
2010-01-01T00:00:00Z,species_group,larval_northern_lampfish,character,NA
2009-01-01T00:00:00Z,species_group,larval_northern_lampfish,character,NA
2008-01-01T00:00:00Z,species_group,larval_northern_lampfish,character,NA
2007-01-01T00:00:00Z,species_group,larval_northern_lampfish,character,NA
2006-01-01T00:00:00Z,species_group,larval_northern_lampfish,character,NA
2005-01-01T00:00:00Z,species_group,larval_northern_lampfish,character,NA
2004-01-01T00:00:00Z,species_group,larval_northern_lampfish,character,NA
2003-01-01T00:00:00Z,species_group,larval_northern_lampfish,character,NA
2002-01-01T00:00:00Z,species_group,larval_northern_lampfish,character,NA
2001-01-01T00:00:00Z,species_group,larval_northern_lampfish,character,NA
2000-01-01T00:00:00Z,species_group,larval_northern_lampfish,character,NA
1999-01-01T00:00:00Z,species_group,larval_northern_lampfish,character,NA
1998-01-01T00:00:00Z,species_group,larval_northern_lampfish,character,NA
2020-01-01T00:00:00Z,species_group,southern_mesopelagics,character,NA
2019-01-01T00:00:00Z,species_group,southern_mesopelagics,character,NA
2018-01-01T00:00:00Z,species_group,southern_mesopelagics,character,NA
2017-01-01T00:00:00Z,species_group,southern_mesopelagics,character,NA
2016-01-01T00:00:00Z,species_group,southern_mesopelagics,character,NA
2015-01-01T00:00:00Z,species_group,southern_mesopelagics,character,NA
2014-01-01T00:00:00Z,species_group,southern_mesopelagics,character,NA
2013-01-01T00:00:00Z,species_group,southern_mesopelagics,character,NA
2012-01-01T00:00:00Z,species_group,southern_mesopelagics,character,NA
2011-01-01T00:00:00Z,species_group,southern_mesopelagics,character,NA
2010-01-01T00:00:00Z,species_group,southern_mesopelagics,character,NA
2009-01-01T00:00:00Z,species_group,southern_mesopelagics,character,NA
2008-01-01T00:00:00Z,species_group,southern_mesopelagics,character,NA
2007-01-01T00:00:00Z,species_group,southern_mesopelagics,character,NA
2006-01-01T00:00:00Z,species_group,southern_mesopelagics,character,NA
2005-01-01T00:00:00Z,species_group,southern_mesopelagics,character,NA
2004-01-01T00:00:00Z,species_group,southern_mesopelagics,character,NA
2003-01-01T00:00:00Z,species_group,southern_mesopelagics,character,NA
2002-01-01T00:00:00Z,species_group,southern_mesopelagics,character,NA
2001-01-01T00:00:00Z,species_group,southern_mesopelagics,character,NA
2000-01-01T00:00:00Z,species_group,southern_mesopelagics,character,NA
1999-01-01T00:00:00Z,species_group,southern_mesopelagics,character,NA
1998-01-01T00:00:00Z,species_group,southern_mesopelagics,character,NA
2020-01-01T00:00:00Z,species_group,larval_calif_smoothtoungue,character,NA
2019-01-01T00:00:00Z,species_group,larval_calif_smoothtoungue,character,NA
2018-01-01T00:00:00Z,species_group,larval_calif_smoothtoungue,character,NA
2017-01-01T00:00:00Z,species_group,larval_calif_smoothtoungue,character,NA
2016-01-01T00:00:00Z,species_group,larval_calif_smoothtoungue,character,NA
2015-01-01T00:00:00Z,species_group,larval_calif_smoothtoungue,character,NA
2014-01-01T00:00:00Z,species_group,larval_calif_smoothtoungue,character,NA
2013-01-01T00:00:00Z,species_group,larval_calif_smoothtoungue,character,NA
2012-01-01T00:00:00Z,species_group,larval_calif_smoothtoungue,character,NA
2011-01-01T00:00:00Z,species_group,larval_calif_smoothtoungue,character,NA
2010-01-01T00:00:00Z,species_group,larval_calif_smoothtoungue,character,NA
2009-01-01T00:00:00Z,species_group,larval_calif_smoothtoungue,character,NA
2008-01-01T00:00:00Z,species_group,larval_calif_smoothtoungue,character,NA
2007-01-01T00:00:00Z,species_group,larval_calif_smoothtoungue,character,NA
2006-01-01T00:00:00Z,species_group,larval_calif_smoothtoungue,character,NA
2005-01-01T00:00:00Z,species_group,larval_calif_smoothtoungue,character,NA
2004-01-01T00:00:00Z,species_group,larval_calif_smoothtoungue,character,NA
2003-01-01T00:00:00Z,species_group,larval_calif_smoothtoungue,character,NA
2002-01-01T00:00:00Z,species_group,larval_calif_smoothtoungue,character,NA
2001-01-01T00:00:00Z,species_group,larval_calif_smoothtoungue,character,NA
2000-01-01T00:00:00Z,species_group,larval_calif_smoothtoungue,character,NA
1999-01-01T00:00:00Z,species_group,larval_calif_smoothtoungue,character,NA
1998-01-01T00:00:00Z,species_group,larval_calif_smoothtoungue,character,NA
2020-01-01T00:00:00Z,species_group,larval_eared_blacksmelt,character,NA
2019-01-01T00:00:00Z,species_group,larval_eared_blacksmelt,character,NA
2018-01-01T00:00:00Z,species_group,larval_eared_blacksmelt,character,NA
2017-01-01T00:00:00Z,species_group,larval_eared_blacksmelt,character,NA
2016-01-01T00:00:00Z,species_group,larval_eared_blacksmelt,character,NA
2015-01-01T00:00:00Z,species_group,larval_eared_blacksmelt,character,NA
2014-01-01T00:00:00Z,species_group,larval_eared_blacksmelt,character,NA
2013-01-01T00:00:00Z,species_group,larval_eared_blacksmelt,character,NA
2012-01-01T00:00:00Z,species_group,larval_eared_blacksmelt,character,NA
2011-01-01T00:00:00Z,species_group,larval_eared_blacksmelt,character,NA
2010-01-01T00:00:00Z,species_group,larval_eared_blacksmelt,character,NA
2009-01-01T00:00:00Z,species_group,larval_eared_blacksmelt,character,NA
2008-01-01T00:00:00Z,species_group,larval_eared_blacksmelt,character,NA
2007-01-01T00:00:00Z,species_group,larval_eared_blacksmelt,character,NA
2006-01-01T00:00:00Z,species_group,larval_eared_blacksmelt,character,NA
2005-01-01T00:00:00Z,species_group,larval_eared_blacksmelt,character,NA
2004-01-01T00:00:00Z,species_group,larval_eared_blacksmelt,character,NA
2003-01-01T00:00:00Z,species_group,larval_eared_blacksmelt,character,NA
2002-01-01T00:00:00Z,species_group,larval_eared_blacksmelt,character,NA
2001-01-01T00:00:00Z,species_group,larval_eared_blacksmelt,character,NA
2000-01-01T00:00:00Z,species_group,larval_eared_blacksmelt,character,NA
1999-01-01T00:00:00Z,species_group,larval_eared_blacksmelt,character,NA
1998-01-01T00:00:00Z,species_group,larval_eared_blacksmelt,character,NA
2020-01-01T00:00:00Z,species_group,larval_croaker,character,NA
2019-01-01T00:00:00Z,species_group,larval_croaker,character,NA
2018-01-01T00:00:00Z,species_group,larval_croaker,character,NA
2017-01-01T00:00:00Z,species_group,larval_croaker,character,NA
2016-01-01T00:00:00Z,species_group,larval_croaker,character,NA
2015-01-01T00:00:00Z,species_group,larval_croaker,character,NA
2014-01-01T00:00:00Z,species_group,larval_croaker,character,NA
2013-01-01T00:00:00Z,species_group,larval_croaker,character,NA
2012-01-01T00:00:00Z,species_group,larval_croaker,character,NA
2011-01-01T00:00:00Z,species_group,larval_croaker,character,NA
2010-01-01T00:00:00Z,species_group,larval_croaker,character,NA
2009-01-01T00:00:00Z,species_group,larval_croaker,character,NA
2008-01-01T00:00:00Z,species_group,larval_croaker,character,NA
2007-01-01T00:00:00Z,species_group,larval_croaker,character,NA
2006-01-01T00:00:00Z,species_group,larval_croaker,character,NA
2005-01-01T00:00:00Z,species_group,larval_croaker,character,NA
2004-01-01T00:00:00Z,species_group,larval_croaker,character,NA
2003-01-01T00:00:00Z,species_group,larval_croaker,character,NA
2002-01-01T00:00:00Z,species_group,larval_croaker,character,NA
2001-01-01T00:00:00Z,species_group,larval_croaker,character,NA
2000-01-01T00:00:00Z,species_group,larval_croaker,character,NA
1999-01-01T00:00:00Z,species_group,larval_croaker,character,NA
1998-01-01T00:00:00Z,species_group,larval_croaker,character,NA
2020-01-01T00:00:00Z,relative_abundance,NA,numeric,1.4549764
2019-01-01T00:00:00Z,relative_abundance,NA,numeric,3.7050023
2018-01-01T00:00:00Z,relative_abundance,NA,numeric,3.4039848
2016-01-01T00:00:00Z,relative_abundance,NA,numeric,1.8168796
2015-01-01T00:00:00Z,relative_abundance,NA,numeric,1.0880737
2014-01-01T00:00:00Z,relative_abundance,NA,numeric,1.134949
2013-01-01T00:00:00Z,relative_abundance,NA,numeric,1.1152889
2012-01-01T00:00:00Z,relative_abundance,NA,numeric,0.41331962
2011-01-01T00:00:00Z,relative_abundance,NA,numeric,0.084963929999999993
2010-01-01T00:00:00Z,relative_abundance,NA,numeric,0.6118419
2009-01-01T00:00:00Z,relative_abundance,NA,numeric,0
2008-01-01T00:00:00Z,relative_abundance,NA,numeric,0
2007-01-01T00:00:00Z,relative_abundance,NA,numeric,0.26847717
2006-01-01T00:00:00Z,relative_abundance,NA,numeric,0
2005-01-01T00:00:00Z,relative_abundance,NA,numeric,0.24242789
2004-01-01T00:00:00Z,relative_abundance,NA,numeric,0.114791036
2003-01-01T00:00:00Z,relative_abundance,NA,numeric,0.89501387
2002-01-01T00:00:00Z,relative_abundance,NA,numeric,0.28055134
2001-01-01T00:00:00Z,relative_abundance,NA,numeric,0.76546365
2000-01-01T00:00:00Z,relative_abundance,NA,numeric,0.35708758
1999-01-01T00:00:00Z,relative_abundance,NA,numeric,1.4320723
1998-01-01T00:00:00Z,relative_abundance,NA,numeric,1.0094128
2020-01-01T00:00:00Z,relative_abundance,NA,numeric,0
2019-01-01T00:00:00Z,relative_abundance,NA,numeric,0
2018-01-01T00:00:00Z,relative_abundance,NA,numeric,0.99845487
2016-01-01T00:00:00Z,relative_abundance,NA,numeric,0.17812961
2015-01-01T00:00:00Z,relative_abundance,NA,numeric,0.264667
2014-01-01T00:00:00Z,relative_abundance,NA,numeric,0
2013-01-01T00:00:00Z,relative_abundance,NA,numeric,0.32681456
2012-01-01T00:00:00Z,relative_abundance,NA,numeric,0.16711442
2011-01-01T00:00:00Z,relative_abundance,NA,numeric,0.10483951
2010-01-01T00:00:00Z,relative_abundance,NA,numeric,0
2009-01-01T00:00:00Z,relative_abundance,NA,numeric,0
2008-01-01T00:00:00Z,relative_abundance,NA,numeric,0
2007-01-01T00:00:00Z,relative_abundance,NA,numeric,0.36959967
2006-01-01T00:00:00Z,relative_abundance,NA,numeric,0
2005-01-01T00:00:00Z,relative_abundance,NA,numeric,0
2004-01-01T00:00:00Z,relative_abundance,NA,numeric,0
2003-01-01T00:00:00Z,relative_abundance,NA,numeric,0.14203542
2002-01-01T00:00:00Z,relative_abundance,NA,numeric,0
2001-01-01T00:00:00Z,relative_abundance,NA,numeric,0
2000-01-01T00:00:00Z,relative_abundance,NA,numeric,0
1999-01-01T00:00:00Z,relative_abundance,NA,numeric,0
1998-01-01T00:00:00Z,relative_abundance,NA,numeric,1.1107922
2020-01-01T00:00:00Z,relative_abundance,NA,numeric,1.0943617
2019-01-01T00:00:00Z,relative_abundance,NA,numeric,1.2392837
2018-01-01T00:00:00Z,relative_abundance,NA,numeric,2.2861056
2016-01-01T00:00:00Z,relative_abundance,NA,numeric,1.6223077
2015-01-01T00:00:00Z,relative_abundance,NA,numeric,1.4998078
2014-01-01T00:00:00Z,relative_abundance,NA,numeric,0.27390745
2013-01-01T00:00:00Z,relative_abundance,NA,numeric,1.7095975
2012-01-01T00:00:00Z,relative_abundance,NA,numeric,2.4573576
2011-01-01T00:00:00Z,relative_abundance,NA,numeric,1.6984905
2010-01-01T00:00:00Z,relative_abundance,NA,numeric,0.6546811
2009-01-01T00:00:00Z,relative_abundance,NA,numeric,0.2012383
2008-01-01T00:00:00Z,relative_abundance,NA,numeric,0.39527974
2007-01-01T00:00:00Z,relative_abundance,NA,numeric,0.680525
2006-01-01T00:00:00Z,relative_abundance,NA,numeric,1.2861964
2005-01-01T00:00:00Z,relative_abundance,NA,numeric,0.19539979
2004-01-01T00:00:00Z,relative_abundance,NA,numeric,0.5847505
2003-01-01T00:00:00Z,relative_abundance,NA,numeric,0.23387827
2002-01-01T00:00:00Z,relative_abundance,NA,numeric,2.7653975
2001-01-01T00:00:00Z,relative_abundance,NA,numeric,0.8002441
2000-01-01T00:00:00Z,relative_abundance,NA,numeric,0.48767704
1999-01-01T00:00:00Z,relative_abundance,NA,numeric,1.288743
1998-01-01T00:00:00Z,relative_abundance,NA,numeric,0.12923898
2020-01-01T00:00:00Z,relative_abundance,NA,numeric,0
2019-01-01T00:00:00Z,relative_abundance,NA,numeric,0.09254546
2018-01-01T00:00:00Z,relative_abundance,NA,numeric,0.70153445
2016-01-01T00:00:00Z,relative_abundance,NA,numeric,0
2015-01-01T00:00:00Z,relative_abundance,NA,numeric,0
2014-01-01T00:00:00Z,relative_abundance,NA,numeric,0
2013-01-01T00:00:00Z,relative_abundance,NA,numeric,0
2012-01-01T00:00:00Z,relative_abundance,NA,numeric,0
2011-01-01T00:00:00Z,relative_abundance,NA,numeric,0
2010-01-01T00:00:00Z,relative_abundance,NA,numeric,0
2009-01-01T00:00:00Z,relative_abundance,NA,numeric,0
2008-01-01T00:00:00Z,relative_abundance,NA,numeric,0
2007-01-01T00:00:00Z,relative_abundance,NA,numeric,0
2006-01-01T00:00:00Z,relative_abundance,NA,numeric,0
2005-01-01T00:00:00Z,relative_abundance,NA,numeric,0
2004-01-01T00:00:00Z,relative_abundance,NA,numeric,0
2003-01-01T00:00:00Z,relative_abundance,NA,numeric,0.168028
2002-01-01T00:00:00Z,relative_abundance,NA,numeric,0.08943572
2001-01-01T00:00:00Z,relative_abundance,NA,numeric,0
2000-01-01T00:00:00Z,relative_abundance,NA,numeric,0
1999-01-01T00:00:00Z,relative_abundance,NA,numeric,0
1998-01-01T00:00:00Z,relative_abundance,NA,numeric,0
2020-01-01T00:00:00Z,relative_abundance,NA,numeric,0.29568884
2019-01-01T00:00:00Z,relative_abundance,NA,numeric,0.61483544
2018-01-01T00:00:00Z,relative_abundance,NA,numeric,0.74717593
2016-01-01T00:00:00Z,relative_abundance,NA,numeric,1.0600677
2015-01-01T00:00:00Z,relative_abundance,NA,numeric,1.0803058
2014-01-01T00:00:00Z,relative_abundance,NA,numeric,1.3186113
2013-01-01T00:00:00Z,relative_abundance,NA,numeric,3.2394865
2012-01-01T00:00:00Z,relative_abundance,NA,numeric,2.599922
2011-01-01T00:00:00Z,relative_abundance,NA,numeric,1.8025703
2010-01-01T00:00:00Z,relative_abundance,NA,numeric,0.4859134
2009-01-01T00:00:00Z,relative_abundance,NA,numeric,0
2008-01-01T00:00:00Z,relative_abundance,NA,numeric,0.45205748
2007-01-01T00:00:00Z,relative_abundance,NA,numeric,0.7081236
2006-01-01T00:00:00Z,relative_abundance,NA,numeric,0.43722278
2005-01-01T00:00:00Z,relative_abundance,NA,numeric,0.5252699
2004-01-01T00:00:00Z,relative_abundance,NA,numeric,0.71452737
2003-01-01T00:00:00Z,relative_abundance,NA,numeric,0.093329266
2002-01-01T00:00:00Z,relative_abundance,NA,numeric,1.048524
2001-01-01T00:00:00Z,relative_abundance,NA,numeric,1.1419718
2000-01-01T00:00:00Z,relative_abundance,NA,numeric,0.8638481
1999-01-01T00:00:00Z,relative_abundance,NA,numeric,0.3086794
1998-01-01T00:00:00Z,relative_abundance,NA,numeric,0.09737067
2020-01-01T00:00:00Z,relative_abundance,NA,numeric,1.8410089
2019-01-01T00:00:00Z,relative_abundance,NA,numeric,2.1638546
2018-01-01T00:00:00Z,relative_abundance,NA,numeric,3.214801
2016-01-01T00:00:00Z,relative_abundance,NA,numeric,3.8887172
2015-01-01T00:00:00Z,relative_abundance,NA,numeric,1.9305835
2014-01-01T00:00:00Z,relative_abundance,NA,numeric,2.0858495
2013-01-01T00:00:00Z,relative_abundance,NA,numeric,4.088701
2012-01-01T00:00:00Z,relative_abundance,NA,numeric,3.7077687
2011-01-01T00:00:00Z,relative_abundance,NA,numeric,2.6264822
2010-01-01T00:00:00Z,relative_abundance,NA,numeric,2.5381062
2009-01-01T00:00:00Z,relative_abundance,NA,numeric,2.0368497
2008-01-01T00:00:00Z,relative_abundance,NA,numeric,2.4014583
2007-01-01T00:00:00Z,relative_abundance,NA,numeric,2.9848173
2006-01-01T00:00:00Z,relative_abundance,NA,numeric,1.95589
2005-01-01T00:00:00Z,relative_abundance,NA,numeric,1.7399888
2004-01-01T00:00:00Z,relative_abundance,NA,numeric,2.4070463
2003-01-01T00:00:00Z,relative_abundance,NA,numeric,2.8837657
2002-01-01T00:00:00Z,relative_abundance,NA,numeric,2.65268
2001-01-01T00:00:00Z,relative_abundance,NA,numeric,1.2781894
2000-01-01T00:00:00Z,relative_abundance,NA,numeric,1.9826378
1999-01-01T00:00:00Z,relative_abundance,NA,numeric,1.1623151
1998-01-01T00:00:00Z,relative_abundance,NA,numeric,1.7178096
2020-01-01T00:00:00Z,relative_abundance,NA,numeric,0.64933366
2019-01-01T00:00:00Z,relative_abundance,NA,numeric,0.8586415
2018-01-01T00:00:00Z,relative_abundance,NA,numeric,1.4148726
2016-01-01T00:00:00Z,relative_abundance,NA,numeric,0.51709384
2015-01-01T00:00:00Z,relative_abundance,NA,numeric,0.91863936
2014-01-01T00:00:00Z,relative_abundance,NA,numeric,1.1209406
2013-01-01T00:00:00Z,relative_abundance,NA,numeric,3.2500513
2012-01-01T00:00:00Z,relative_abundance,NA,numeric,3.4136233
2011-01-01T00:00:00Z,relative_abundance,NA,numeric,3.0039415
2010-01-01T00:00:00Z,relative_abundance,NA,numeric,0.9410143
2009-01-01T00:00:00Z,relative_abundance,NA,numeric,0.7362948
2008-01-01T00:00:00Z,relative_abundance,NA,numeric,2.0401235
2007-01-01T00:00:00Z,relative_abundance,NA,numeric,0.8756995
2006-01-01T00:00:00Z,relative_abundance,NA,numeric,1.8394098
2005-01-01T00:00:00Z,relative_abundance,NA,numeric,0.37665278
2004-01-01T00:00:00Z,relative_abundance,NA,numeric,1.5878986
2003-01-01T00:00:00Z,relative_abundance,NA,numeric,1.8861688
2002-01-01T00:00:00Z,relative_abundance,NA,numeric,1.8280014
2001-01-01T00:00:00Z,relative_abundance,NA,numeric,0.9810085
2000-01-01T00:00:00Z,relative_abundance,NA,numeric,2.1550295
1999-01-01T00:00:00Z,relative_abundance,NA,numeric,1.281165
1998-01-01T00:00:00Z,relative_abundance,NA,numeric,0.37611616
2020-01-01T00:00:00Z,relative_abundance,NA,numeric,3.4896674
2019-01-01T00:00:00Z,relative_abundance,NA,numeric,6.678054
2018-01-01T00:00:00Z,relative_abundance,NA,numeric,5.7415714
2016-01-01T00:00:00Z,relative_abundance,NA,numeric,10.482161
2015-01-01T00:00:00Z,relative_abundance,NA,numeric,7.6849594
2014-01-01T00:00:00Z,relative_abundance,NA,numeric,8.124965
2013-01-01T00:00:00Z,relative_abundance,NA,numeric,6.5719123
2012-01-01T00:00:00Z,relative_abundance,NA,numeric,3.935135
2011-01-01T00:00:00Z,relative_abundance,NA,numeric,4.059165
2010-01-01T00:00:00Z,relative_abundance,NA,numeric,3.027014
2009-01-01T00:00:00Z,relative_abundance,NA,numeric,3.1393661
2008-01-01T00:00:00Z,relative_abundance,NA,numeric,2.6364264
2007-01-01T00:00:00Z,relative_abundance,NA,numeric,2.4728494
2006-01-01T00:00:00Z,relative_abundance,NA,numeric,3.9722764
2005-01-01T00:00:00Z,relative_abundance,NA,numeric,3.8880792
2004-01-01T00:00:00Z,relative_abundance,NA,numeric,3.5237591
2003-01-01T00:00:00Z,relative_abundance,NA,numeric,5.424081
2002-01-01T00:00:00Z,relative_abundance,NA,numeric,3.7979808
2001-01-01T00:00:00Z,relative_abundance,NA,numeric,3.1305182
2000-01-01T00:00:00Z,relative_abundance,NA,numeric,3.0263128
1999-01-01T00:00:00Z,relative_abundance,NA,numeric,3.6358583
1998-01-01T00:00:00Z,relative_abundance,NA,numeric,10.4410515
2020-01-01T00:00:00Z,relative_abundance,NA,numeric,0.8775002
2019-01-01T00:00:00Z,relative_abundance,NA,numeric,2.0646684
2018-01-01T00:00:00Z,relative_abundance,NA,numeric,2.0344357
2016-01-01T00:00:00Z,relative_abundance,NA,numeric,1.6297578
2015-01-01T00:00:00Z,relative_abundance,NA,numeric,0.99091434
2014-01-01T00:00:00Z,relative_abundance,NA,numeric,1.4163702
2013-01-01T00:00:00Z,relative_abundance,NA,numeric,1.8772366
2012-01-01T00:00:00Z,relative_abundance,NA,numeric,1.8403385
2011-01-01T00:00:00Z,relative_abundance,NA,numeric,1.56961
2010-01-01T00:00:00Z,relative_abundance,NA,numeric,0.3987801
2009-01-01T00:00:00Z,relative_abundance,NA,numeric,0.32945013
2008-01-01T00:00:00Z,relative_abundance,NA,numeric,0.76225597
2007-01-01T00:00:00Z,relative_abundance,NA,numeric,1.3382312
2006-01-01T00:00:00Z,relative_abundance,NA,numeric,1.8325458
2005-01-01T00:00:00Z,relative_abundance,NA,numeric,0.4923179
2004-01-01T00:00:00Z,relative_abundance,NA,numeric,0.68840176
2003-01-01T00:00:00Z,relative_abundance,NA,numeric,1.0423957
2002-01-01T00:00:00Z,relative_abundance,NA,numeric,2.0902622
2001-01-01T00:00:00Z,relative_abundance,NA,numeric,1.1717496
2000-01-01T00:00:00Z,relative_abundance,NA,numeric,1.2001281
1999-01-01T00:00:00Z,relative_abundance,NA,numeric,1.8572726
1998-01-01T00:00:00Z,relative_abundance,NA,numeric,0.91429126
2020-01-01T00:00:00Z,relative_abundance,NA,numeric,0.7002181
2019-01-01T00:00:00Z,relative_abundance,NA,numeric,1.549878
2018-01-01T00:00:00Z,relative_abundance,NA,numeric,1.7098923
2016-01-01T00:00:00Z,relative_abundance,NA,numeric,1.6339146
2015-01-01T00:00:00Z,relative_abundance,NA,numeric,1.1171206
2014-01-01T00:00:00Z,relative_abundance,NA,numeric,1.2465978
2013-01-01T00:00:00Z,relative_abundance,NA,numeric,2.0752168
2012-01-01T00:00:00Z,relative_abundance,NA,numeric,2.4397511
2011-01-01T00:00:00Z,relative_abundance,NA,numeric,2.4963787
2010-01-01T00:00:00Z,relative_abundance,NA,numeric,0.35123226
2009-01-01T00:00:00Z,relative_abundance,NA,numeric,0.26162407
2008-01-01T00:00:00Z,relative_abundance,NA,numeric,0.29398385
2007-01-01T00:00:00Z,relative_abundance,NA,numeric,0.4705769
2006-01-01T00:00:00Z,relative_abundance,NA,numeric,1.0856739
2005-01-01T00:00:00Z,relative_abundance,NA,numeric,0.62072384
2004-01-01T00:00:00Z,relative_abundance,NA,numeric,0.8267956
2003-01-01T00:00:00Z,relative_abundance,NA,numeric,0.7449013
2002-01-01T00:00:00Z,relative_abundance,NA,numeric,2.1561475
2001-01-01T00:00:00Z,relative_abundance,NA,numeric,0.6906831
2000-01-01T00:00:00Z,relative_abundance,NA,numeric,0.7770118
1999-01-01T00:00:00Z,relative_abundance,NA,numeric,1.1238409
1998-01-01T00:00:00Z,relative_abundance,NA,numeric,1.078052
2020-01-01T00:00:00Z,relative_abundance,NA,numeric,0.36751547
2019-01-01T00:00:00Z,relative_abundance,NA,numeric,0.43224558
2018-01-01T00:00:00Z,relative_abundance,NA,numeric,0.13431655
2016-01-01T00:00:00Z,relative_abundance,NA,numeric,0.062899604
2015-01-01T00:00:00Z,relative_abundance,NA,numeric,0.3625988
2014-01-01T00:00:00Z,relative_abundance,NA,numeric,0
2013-01-01T00:00:00Z,relative_abundance,NA,numeric,0.6697349
2012-01-01T00:00:00Z,relative_abundance,NA,numeric,0.44539225
2011-01-01T00:00:00Z,relative_abundance,NA,numeric,0.2970465
2010-01-01T00:00:00Z,relative_abundance,NA,numeric,0.0876336
2009-01-01T00:00:00Z,relative_abundance,NA,numeric,0
2008-01-01T00:00:00Z,relative_abundance,NA,numeric,0
2007-01-01T00:00:00Z,relative_abundance,NA,numeric,0.11748963
2006-01-01T00:00:00Z,relative_abundance,NA,numeric,0.08194984
2005-01-01T00:00:00Z,relative_abundance,NA,numeric,0.15328161
2004-01-01T00:00:00Z,relative_abundance,NA,numeric,0
2003-01-01T00:00:00Z,relative_abundance,NA,numeric,0
2002-01-01T00:00:00Z,relative_abundance,NA,numeric,0
2001-01-01T00:00:00Z,relative_abundance,NA,numeric,0.34277114
2000-01-01T00:00:00Z,relative_abundance,NA,numeric,0.16094379
1999-01-01T00:00:00Z,relative_abundance,NA,numeric,0
1998-01-01T00:00:00Z,relative_abundance,NA,numeric,0
